1	H5-7
2	H2-13
3	H11-8
4	H13-11
5	H20-7
6	H19-7
7	H18-10
8	H8-14
9	H18-12
10	H9-7
11	H10-10
12	H19-10
13	H9-13
14	H13-13
15	H9-8
16	H17-9
17	H5-11
18	H18-7
19	H9-9
20	H11-12
21	H14-14
22	H16-10
23	H19-13
24	H19-14
25	H15-14
26	H17-12
27	H14-9
28	H13-7
29	H15-11
30	H16-8
31	H18-9
32	H14-7
33	H10-7
34	H15-8
35	H20-12
36	H8-10
37	H3-8
38	H14-11
39	H20-9
40	H3-10
41	H18-8
42	H4-9
43	H4-10
44	H11-7
45	H8-12
46	H16-7
47	H9-11
48	H8-8
49	H15-12
50	H9-10
51	H4-13
52	H10-12
53	H8-13
54	H10-9
55	H17-10
56	H19-8
57	H2-9
58	H17-13
59	H14-12
60	H10-11
61	H19-9
62	H13-9
63	H11-11
64	H2-12
65	H14-13
66	H15-10
67	H5-9
68	H5-14
69	H16-14
70	H16-11
71	H20-8
72	H18-11
73	H14-10
74	H9-12
75	H16-12
76	H20-10
77	H11-13
78	H10-8
79	H3-14
80	H8-9
81	H4-14
82	H3-7
83	H10-14
84	H3-11
85	H2-10
86	H2-14
87	H11-9
88	H15-9
89	H4-12
90	H4-7
91	H18-14
92	H4-8
93	H11-14
94	H4-11
95	H17-14
96	H2-7
97	H5-10
98	H9-14
99	H10-13
100	H14-8
101	H11-10
102	H8-7
103	H16-13
104	H20-14
105	H3-13
106	H5-13
107	H2-8
108	H3-12
109	H2-11
110	H17-8
111	H17-7
112	H18-13
113	H13-12
114	H16-9
115	H19-11
116	H15-7
117	H13-10
118	H5-12
119	H13-14
120	H17-11
121	H5-8
122	H13-8
123	H20-11
124	H19-12
125	H8-11
126	H15-13
127	H3-9
128	H20-13
