1	H10-12
2	H10-14
3	H20-14
4	H20-9
5	H7-12
6	H17-8
7	H7-9
8	H10-10
9	H19-12
10	H5-11
11	H11-7
12	H13-8
13	H10-13
14	H20-11
15	H13-7
16	H5-8
17	H7-14
18	H17-7
19	H7-7
20	H18-11
21	H19-13
22	H7-10
23	H8-11
24	H19-8
25	H4-12
26	H11-11
27	H8-9
28	H10-9
29	H10-8
30	H13-12
31	H13-14
32	H13-9
33	H13-10
34	H17-11
35	H5-14
36	H20-10
37	H11-10
38	H18-13
39	H4-9
40	H13-11
41	H7-13
42	H17-9
43	H19-7
44	H17-13
45	H8-7
46	H4-14
47	H7-8
48	H5-10
49	H19-11
50	H18-9
51	H11-12
52	H4-13
53	H11-9
54	H19-9
55	H4-10
56	H20-7
57	H11-8
58	H11-13
59	H18-7
60	H17-12
61	H19-10
62	H5-7
63	H8-14
64	H7-11
65	H20-8
66	H4-7
67	H8-10
68	H11-14
69	H13-13
70	H17-10
71	H10-7
72	H20-13
73	H5-13
74	H8-13
75	H4-8
76	H5-12
77	H4-11
78	H18-12
79	H19-14
80	H18-10
81	H8-12
82	H18-14
83	H8-8
84	H18-8
85	H20-12
86	H10-11
87	H5-9
88	H17-14
