1	H6-3
2	H11-2
3	H5-2
4	H4-4
5	H4-1
6	H13-5
7	H8-2
8	H5-1
9	H3-5
10	H18-1
11	H6-1
12	H20-1
13	H9-2
14	H3-4
15	H17-5
16	H3-2
17	H11-3
18	H10-6
19	H7-3
20	H2-4
21	H5-5
22	H14-2
23	H11-6
24	H5-3
25	H19-2
26	H18-5
27	H2-2
28	H8-4
29	H16-4
30	H14-4
31	H1-6
32	H15-6
33	H16-3
34	H4-6
35	H9-3
36	H13-3
37	H18-2
38	H13-6
39	H2-5
40	H12-6
41	H13-2
42	H8-3
43	H13-1
44	H15-1
45	H15-4
46	H18-4
47	H1-1
48	H19-6
49	H11-5
50	H10-5
51	H6-5
52	H9-6
53	H20-5
54	H17-4
55	H15-5
56	H19-3
57	H8-1
58	H10-4
59	H1-5
60	H15-2
61	H7-5
62	H17-6
63	H1-4
64	H12-2
65	H10-2
66	H15-3
67	H19-4
68	H2-3
69	H14-6
70	H6-2
71	H18-3
72	H7-6
73	H10-1
74	H3-6
75	H11-1
76	H14-3
77	H4-5
78	H17-1
79	H17-2
80	H11-4
81	H19-5
82	H14-1
83	H7-4
84	H6-4
85	H4-3
86	H5-4
87	H2-1
88	H16-6
89	H19-1
90	H20-6
91	H17-3
92	H20-4
93	H8-6
94	H20-3
95	H8-5
96	H20-2
97	H1-2
98	H5-6
99	H9-1
100	H16-1
101	H13-4
102	H9-5
103	H14-5
104	H10-3
105	H16-5
106	H18-6
107	H12-3
108	H7-1
109	H16-2
110	H3-3
111	H2-6
112	H1-3
113	H12-1
114	H12-5
115	H3-1
116	H4-2
117	H9-4
118	H7-2
119	H12-4
120	H6-6
