id,platform,publishedAt,externalId,motifs,extrait,noms
cmmypdr9e000as60w3y9bj03b,TWITTER,2026-03-21 08:38:31.892,,CITATION|PERSONNE,Ton collègue arrive lundi : « Alors ce weekend ? » Tu peux dire « bien » comme t,Paul Mirabel
cmmzlb6cf0005s60x81uwrso6,TWITTER,2026-03-21 18:16:11.278,,CITATION|PERSONNE|INVENTE,Mirabel atomise Hanouna : « Je fais rire sans rabaisser. Cyril... l'inverse. » L,"Paul Mirabel, Cyril Hanouna"
cmn2g05hd0009s60yfm86x66g,LINKEDIN,2026-03-23 06:16:19.528,,CITATION|PERSONNE,"Sophie se tait toujours. En réunion, elle a 3 bonnes idées mais dit rien. Parce ",Paul Mirabel
cmn2vit79000bs60yzkzlx2ui,TWITTER,2026-03-23 11:11:24.626,,CITATION|PERSONNE,Roman fait cracker ses interviewers. Journaliste : « Vous voulez plus de spontan,Roman Frayssinet
cmn4h1dzy0006s60xwpb1gv17,LINKEDIN,2026-03-25 05:16:30.88,,CITATION|PERSONNE|TIRET|INVENTE,"Thomas parle à ses slides. En présentation, il fixe l'écran et débite son truc. ",Paul Mirabel
cmn4h1dw40004s60x79lf3bm6,TWITTER,2026-03-25 06:16:32.719,,CITATION|PERSONNE|TIRET,Waly teste un piège. « Vous savez ce qui me plaît chez vous ? Rien. » *silence d,Waly Dia
cmn5afe0g0004s60ygtcvzpwh,TWITTER,2026-03-25 20:21:44.77,,CITATION|PERSONNE,"Mirabel JAMAIS d'accord. On lui dit « Il fait beau » → « Mouais, y'a des nuages ",Paul Mirabel
cmn5afe3x0005s60yui5orw91,TWITTER,2026-03-25 22:17:03.621,,CITATION|PERSONNE|INVENTE,Fary détruit un relou 🧵 Mec : « T'es pas drôle ! » Fary : « Merci pour ce feedba,Fary
cmn6pmxcb0002s60xk58y179t,TWITTER,2026-03-26 07:19:12.478,,CITATION|PERSONNE|TIRET,Blanche ne dit jamais « oui ». « C'est pas faux. » [—] Blanche Gardin Technique : ,Blanche Gardin
cmn84z8yo0000s610hym0fp1r,TWITTER,2026-03-27 06:15:39.988,,CITATION|PERSONNE|INVENTE,"Paul Mirabel ne finit JAMAIS ses phrases importantes. « Écoute, en fait je... » ",Paul Mirabel
cmnb0enha0004s60z8dnlgo9p,TWITTER,2026-03-29 07:14:17.804,,CITATION|PERSONNE|TIRET,« Oui » à tout. « Tu veux un shot ? » [—] Oui. « On danse sur du Jul ? » [—] Oui. « ,"Paul Mirabel, Jul, Nabilla"
cmnb0enmv0005s60z37u8rzab,TWITTER,2026-03-29 11:08:44.112,,CITATION|PERSONNE|TIRET|INVENTE,Fary et les micros Son micro déconne au Trianon. Ingé-son qui rapplique : « Non ,Fary
cmndurkgu0000s60xteqm9n46,TWITTER,2026-03-31 11:15:06.909,,CITATION|PERSONNE,Fary truque ses propres vannes. « J'ai dit bonjour au vigile... il m'a fouillé. ,Fary
cmndurl3k0001s60x6eymlpsd,TWITTER,2026-03-31 15:11:29.722,,CITATION|PERSONNE,« Ça va » c'est mort. Paul Mirabel dit qu'on devrait dire la vérité. Donc hier :,Paul Mirabel
cmndurl940002s60x4scy43uc,TWITTER,2026-03-31 19:11:31.82,,CITATION|PERSONNE,Fary accepte JAMAIS directement une demande d'ami. Il répond toujours : « on s'e,Fary
cmnfrbbnm0008s60xx2hkazh2,TWITTER,2026-04-01 11:01:10.265,,CITATION|PERSONNE,Fary répond JAMAIS direct. On lui dit « t'as passé un bon weekend ? » Lui : « j',Fary
cmnfam8r90005s60x6iprx1fz,TWITTER,2026-04-02 11:29:32.147,,CITATION|PERSONNE|TIRET|INVENTE,Waly Dia RALENTIT exprès. On a décrypté ses 10 minutes sur la nourriture africai,Waly Dia
cmni5kvl70004s60yfntwwc5w,LINKEDIN,2026-04-03 16:19:25.983,,CITATION|PERSONNE|INVENTE,L'humour tue les blancs. Le pire moment : quand ta blague tombe à plat et que le,Blanche Gardin
cmni5kvbb0002s60yah3nh59d,TWITTER,2026-04-03 17:19:27.286,,CITATION|PERSONNE|TIRET,Blanche Gardin COUPE ses phrases. « Les mecs sur Tinder... » [—] silence [—] « ...bo,Blanche Gardin
cmnjnwdu2000gs60yo3fouyed,TWITTER,2026-04-04 11:05:37.083,,CITATION|PERSONNE|INVENTE,3 techniques volées aux meilleurs humoristes français 🧵 --- Waly Dia pousse l'ex,"Waly Dia, Inès Reg, Roman Frayssinet, Panayotis Pascot"
cmnjoxuhr000ms60yvvjt4kyy,TWITTER,2026-04-04 11:20:58.481,,CITATION|PERSONNE|TIRET,Thread sur 3 techniques que tu peux tester ce soir [—] du storytelling explosif au,"Waly Dia, Inès Reg"
cmnk05sb9001qs60y04zgh1cc,TWITTER,2026-04-04 11:35:25.77,,CITATION|PERSONNE|GROS_MOT,Waly fait ce truc bizarre. Il décrit exactement ce que tu fais sur ton tel avant,Waly Dia
cmnjy1e49001is60yirutw7wm,TWITTER,2026-04-04 12:50:29.783,,CITATION|PERSONNE|TIRET,"Netflix nous dresse pareil. « Tu regardes encore ? » Et nous, comme des bons tou","Waly Dia, Ivan Pavlov"
cmnk2azpk001xs60y5x5cs68g,TWITTER,2026-04-04 13:05:12.885,,CITATION|PERSONNE|TIRET|INVENTE,Thread sur 4 techniques que Waly Dia utilise systématiquement [—] et que tu peux t,Waly Dia
cmnjofct5000js60yoof4jegn,TWITTER,2026-04-05 09:45:58.943,,CITATION|PERSONNE,Tinder c'est chiant. On swipe comme des robots au lieu de sortir une vanne qui f,"Waly Dia, Inès Reg"
cmnk2v1cp001ys60yx1dwnllm,TWITTER,2026-04-05 10:44:37.043,,CITATION|PERSONNE|TIRET|INVENTE,Tes comebacks arrivent toujours trop tard. Dans ta tête à 3h du mat : « J'aurais,"Waly Dia, Inès Reg"
cmnk0q7hz001rs60yuqrrjv2h,TWITTER,2026-04-06 09:21:56.423,,CITATION|PERSONNE|TIRET,Tu connais le blanc après ta vanne ? Ce moment où personne réagit et tu paniques,Waly Dia
cmnkm55ut003ns60ydlhl76g2,TWITTER,2026-04-06 10:06:55.905,,CITATION|PERSONNE,Waly Dia s'auto-grille. « Moi j'ai swipe right sur elle » en pointant sa copine.,Waly Dia
cmnkn7lrl003qs60yx4qoi25b,TWITTER,2026-04-06 10:51:56.522,,CITATION|PERSONNE,Waly Dia a cassé Tinder. « Swipe à droite si tu aimes les pizzas froides et les ,Waly Dia
cmnk8rczk002fs60yv90hy9xs,TWITTER,2026-04-06 11:36:56.023,,CITATION|PERSONNE|TIRET,"Waly imite son téléphone. ""DING ! Match avec Samantha. DING ! Samantha a disparu",Waly Dia
cmnkhcvzu0039s60ylfnifbtp,TWITTER,2026-04-06 11:52:00.255,,CITATION|PERSONNE|TIRET|GROS_MOT,Comment voler discrètement 👇 [—] Waly balance sa vanne... puis ferme sa gueule. 'J,"Waly Dia, Inès Reg, Roman Frayssinet, Panayotis Pascot"
cmnkjgson003gs60y6sd5ceew,TWITTER,2026-04-06 12:06:59.73,,CITATION|PERSONNE|TIRET,Thread techniques de stand-up utilisables ce soir [—] micro-doses d'humour du quot,"Waly Dia, Inès Reg, Roman Frayssinet, Panayotis Pascot, Paul Mirabel, Charles Baudelaire"
cmnl16e4t0053s60y71c8tqgf,TWITTER,2026-04-07 10:18:02.971,,CITATION|PERSONNE,Panayotis dit jamais non. Même pour une salade à 18€ qu'il déteste : « Ah... bon,Panayotis Pascot
cmnlarblg0019s60zc1oh18pw,TWITTER,2026-04-08 09:58:06.946,,CITATION|PERSONNE,"Panayotis fait un truc dingue. Il dit ""excuse-moi"" AVANT sa punchline. ""Excuse-m",Panayotis Pascot
cmnmbbnbf002ls60wrv6fsrpl,TWITTER,2026-04-08 10:28:06.682,,CITATION|PERSONNE,"On parle TROP vite. Quand quelqu'un nous demande comment ça va, on balance notre",Panayotis Pascot
cmnljdqn1002cs60z6g5e77hg,TWITTER,2026-04-08 11:28:09.282,,CITATION|PERSONNE|TIRET|GROS_MOT,On dit OUI par réflexe. « Afterwork ce soir ? » [—] Oui « Tu peux présenter lundi ,Panayotis Pascot
cmnldh8h5001ls60zpicm1bg2,TWITTER,2026-04-08 11:58:07.136,,CITATION|PERSONNE|JE,Compliment = panique. « Tu es trop drôle ! » Moi : *court-circuit complet* Techn,Panayotis Pascot
cmno00fcw000ws60yw4pjhv0q,TWITTER,2026-04-09 09:38:30.498,,CITATION|PERSONNE|TIRET,"Inès Reg galère total : « J'arrive en retard, je cours, je transpire... j'ai l'a",Inès Reg
cmnofq6kf000ss60ylkaba0hd,TWITTER,2026-04-09 09:53:28.1,,CITATION|PERSONNE,Inès Reg fait son épicière qui s'énerve : « MAIS VOUS PRENEZ QUOI EXACTEMENT ?! ,Inès Reg
cmnogu8gb000ys60yeu5iktzo,TWITTER,2026-04-09 10:08:29.073,,CITATION|PERSONNE,"Inès Reg « bouge pas » quand elle imite quelqu'un. « Bouge pas, tu vas voir ma m",Inès Reg
cmnnv8uyz0004s60y17u096vf,TWITTER,2026-04-09 10:53:28.699,,CITATION|PERSONNE,Inès Reg HURLE ses échecs. « MOI J'AI UN CORPS DE RÊVE ! Le problème c'est que c,Inès Reg
cmno8b2di000ds60xb87jz097,TWITTER,2026-04-09 11:08:29.1,,CITATION|PERSONNE,"Inès Reg fait le bruit de la fermeture éclair. « Zzziiiip ! Voilà, j'ai fermé mo",Inès Reg
cmnjphqz8000ps60ywnwcihez,TWITTER,2026-04-10 10:10:18.5,,CITATION|PERSONNE|GROS_MOT,Waly tue avec des cornichons. Ses 3 techniques de serial killer 🧵 1/ Il voit l'i,Waly Dia
cmnpb9o76001bs60zna8iwjes,TWITTER,2026-04-10 10:25:29.6,,CITATION|PERSONNE|TIRET|INVENTE,Blanche Gardin dit l'interdit. On a décortiqué son dernier set [—] voici ses 4 tec,Blanche Gardin
cmnonl6x90003s60xoeh9mcws,TWITTER,2026-04-10 11:24:24.2,,CITATION|PERSONNE|GROS_MOT,Inès dit « Moi j'ai pas d'amis » puis direct « ...et j'en suis FIÈRE ! ». Le mis,Inès Reg
cmnm1nx7t001gs60why7k0oc8,TWITTER,2026-04-10 11:39:45.242,,CITATION|PERSONNE|GROS_MOT,Panayotis refait TOUJOURS sa vanne. Lui : « Mon coloc mange mes yaourts » Sa pot,Panayotis Pascot
cmnmek03v002zs60wk6xhnkv2,TWITTER,2026-04-10 13:25:15.601,,CITATION|PERSONNE|TIRET,« Sympa ton appart ! » Traduction : « J'ai vu des cellules de prison plus spacie,Panayotis Pascot
cmnkbgswv002ts60yj3acvqao,TWITTER,2026-04-11 10:24:51.59,,CITATION|PERSONNE|JE,"Waly Dia déteste les stories. « Si ta vie était si géniale, tu serais pas sur to",Waly Dia
cmnjoxv59000ns60yb9bsyv6a,TWITTER,2026-04-11 10:56:57.6,,CITATION|PERSONNE,Tinder nous apprend mal l'humour. On pense qu'être drôle = sortir une phrase ori,Waly Dia
cmngq4kyv0004s60y3z5b2jpt,TWITTER,2026-04-11 12:12:05.061,,CITATION|PERSONNE,Panayotis balance tout direct. « J'ai pleuré hier... en regardant une pub Carref,Panayotis Pascot
cmnsg5twz001ws60zs52fd8eg,TWITTER,2026-04-12 10:17:20.671,,CITATION|PERSONNE|TIRET,Panayotis raconte ses échecs. Pas juste « j'ai foiré » [—] il détaille : « J'ai di,Panayotis Pascot
cmnsn40rb0032s60zo4zoogpf,TWITTER,2026-04-12 10:32:23.172,,CITATION|PERSONNE,Roman Frayssinet fait semblant de pas comprendre un truc évident. « Attends... o,Roman Frayssinet
cmnsgp1rc001zs60z7yi4mms0,TWITTER,2026-04-12 11:02:20.326,,CITATION|PERSONNE,Roman Frayssinet fait l'innocent. « Attends... tu peux répéter ? » après une phr,Roman Frayssinet
cmnsh85p90022s60zjxsf120h,TWITTER,2026-04-12 11:17:19.872,,CITATION|PERSONNE|TIRET,"Roman rate exprès. Tu l'entends lâcher : « Mon appart, c'est Koh Lanta version s",Roman Frayssinet
cmnloufde0000s60wwy35xi2q,TWITTER,2026-04-12 11:47:20.837,,CITATION|PERSONNE|TIRET,"Sophie dit JAMAIS non. « C'était délicieux, merci ! » « Magnifique tes photos ! ",Panayotis Pascot
cmnlyz8i70017s60wh6l1zqfu,TWITTER,2026-04-12 12:02:20.07,,CITATION|PERSONNE,"Panayotis dit UN truc malin. Quand il se plante, il fait : « Bon... j'ai testé p",Panayotis Pascot
cmnmdgmn7002ts60wbw2opmko,TWITTER,2026-04-12 12:32:20.013,,CITATION|PERSONNE,Paul Mirabel fait un truc malin. Il prend une situation classique (« ma copine a,Paul Mirabel
cmnlpwcu30003s60w0arhtrfd,TWITTER,2026-04-12 13:02:23.171,,CITATION|PERSONNE,Panayotis Pascot fait ça. Il prend nos mensonges polis et les dit tout haut : « ,Panayotis Pascot
cmnm5fwdw001vs60w5mnuc9jx,TWITTER,2026-04-12 13:47:20.619,,CITATION|PERSONNE,"Tu dis oui... toujours. Dans ta tête : « Cette réunion, c'est de la torture » Ce",Panayotis Pascot
cmnm0li9o001ds60wl42vmm52,TWITTER,2026-04-12 14:32:23.27,,CITATION|PERSONNE,"Panayotis refait toujours ses vannes. « Vous savez, les gens qui... non attendez",Panayotis Pascot
cmnm39fbm001ns60w5hmxipb5,TWITTER,2026-04-12 15:32:21.37,,CITATION|PERSONNE,"Panayotis dit bonjour bizarrement. Au lieu de « salut », il dit « ah tiens, vous",Panayotis Pascot
cmnkaxaqb002qs60ymyel9akl,TWITTER,2026-04-13 11:59:03.684,,CITATION|PERSONNE,Inès Reg mate son ex sur Insta. Elle dit : « Il a l'air épanoui... MAIS PAS TANT,Inès Reg
cmnkdkoko0030s60ysy4lzrak,TWITTER,2026-04-13 12:44:05.284,,CITATION|PERSONNE|JE,Mon crush a mis vu. Waly Dia : 'Transforme ta lose en running gag.' Version norm,Waly Dia
cmnqq0ecv0004s60zn2y2zw5i,TWITTER,2026-04-13 13:44:04.422,,CITATION|PERSONNE|TIRET,Waly prépare sa chute. « J'suis allé chez le dentiste... bon déjà c'est chelou p,Waly Dia
cmnmfrdmi003ds60w3tkgyxq6,LINKEDIN,2026-04-14 10:30:14.584,,CITATION|PERSONNE,Ta vanne a coulé la réunion. Silence de mort. Quelqu'un fait semblant de noter u,Roman Frayssinet
cmnl4dhmu0002s60z0eeo6xe1,TWITTER,2026-04-14 10:44:53.815,,CITATION|PERSONNE,Panayotis arrive toujours en retard. Mais il dit jamais « désolé du retard ». Il,Panayotis Pascot
cmnl4drgp005os60yoeljjvb0,TWITTER,2026-04-14 11:00:10.087,,CITATION|PERSONNE,Panayotis fait ce truc bizarre. Il REFORMULE sa punchline 2 secondes après. « Ma,Panayotis Pascot
cmnl9phtp0013s60zt15xh47i,TWITTER,2026-04-14 11:14:56.784,,CITATION|PERSONNE,Panayotis a trouvé la parade. Quand quelqu'un dit « oh c'est pas grave ! » pour ,Panayotis Pascot
cmno37wro001js60ydcgzo4vf,TWITTER,2026-04-14 11:44:44.084,,CITATION|PERSONNE|TIRET|GROS_MOT,Inès Reg fait la conne. Pas par hasard [—] c'est calculé. Elle pose 47 questions d,Inès Reg
cmnl28gep0059s60ymfyky3bt,TWITTER,2026-04-14 12:30:26.784,,CITATION|PERSONNE,Panayotis change de sujet brutalement. « Mon ex m'a largué par SMS... bon sinon ,Panayotis Pascot
cmnl7llua000ms60z7wtxq54y,TWITTER,2026-04-14 13:00:01.622,,CITATION|PERSONNE,"Panayotis retourne TOUT. « Tu es très... original ! » → « Merci, j'ai travaillé ",Panayotis Pascot
cmnl3uf0h005ks60yrzwxfzbr,TWITTER,2026-04-14 13:30:14.322,,CITATION|PERSONNE|TIRET,Panayotis nous PIÈGE tous. « Attendez... » [—] silence [—] « ...j'ai envie de vous d,Panayotis Pascot
cmnlwarqt000ws60wdsnj05dl,TWITTER,2026-04-14 15:00:01.484,,CITATION|PERSONNE,"Panayotis dit JAMAIS « bonjour ». Il arrive et lâche direct : « Alors, on fait q",Panayotis Pascot
cmnttzqcc009ds60zr06kq3xd,TWITTER,2026-04-15 10:41:57.001,,CITATION|PERSONNE|TIRET,On rate nos vannes. 5 techniques pour récupérer quand ta blague tombe à plat. 🧵 ,"Blanche Gardin, Pierre Croce, Paul Mirabel"
cmntrwqy70093s60z2pn7nzb9,TWITTER,2026-04-15 11:56:55.601,,CITATION|PERSONNE,1/ Nos humoristes préférés nous volent Blanche Gardin dit tout haut ce qu'on pen,"Blanche Gardin, Roman Frayssinet, Pierre Croce"
cmntmhwac008ks60zfmpoacjx,TWITTER,2026-04-15 12:26:54.502,,CITATION|PERSONNE,Blanche Gardin vous expose « Mon mec qui dit 'j'arrive dans 5 min' depuis 45 min,Blanche Gardin
cmntsgdne0096s60z4pjxqw41,TWITTER,2026-04-15 12:56:58.001,,CITATION|PERSONNE|TIRET|GROS_MOT,Ta vanne tombe à plat. Pourtant elle était bonne. C'est juste ton timing qui déc,"Blanche Gardin, Pierre Croce"
cmntsxvqx0099s60zmdedwhh0,TWITTER,2026-04-15 13:11:57.401,,CITATION|PERSONNE|TIRET|GROS_MOT|INVENTE,Blanche t'a grillé. Elle fait des silences qui tuent. Pas des silences gênants [—],Blanche Gardin
cmnu8i91j00ars60z2r8dt4b9,TWITTER,2026-04-16 10:56:57.602,,CITATION|PERSONNE|INVENTE,Ta vanne a fait pshit ? C'est pas ta vanne. C'est ton timing. Blanche Gardin : «,"Blanche Gardin, Pierre Croce"
cmnupmh5y00cms60zau4amt4e,TWITTER,2026-04-16 11:56:55.101,,CITATION|PERSONNE,Blanche Gardin attend 3 secondes après chaque vanne. Pas pour faire genre. Pour ,"Blanche Gardin, Roman Frayssinet"
cmnuq78wt00cns60z5m90jh69,TWITTER,2026-04-16 12:11:57.901,,CITATION|PERSONNE,3 trucs interdits. Blanche dit 8 mots. Public mort. Panayotis se tait 4 secondes,"Blanche Gardin, Panayotis Pascot"
cmnur9zyb00cts60zri3u0mfk,TWITTER,2026-04-16 12:26:56.273,,CITATION|PERSONNE,Blanche Gardin dit ZÉRO en soirée. Elle observe. Elle note. Et 2h après sur scèn,"Blanche Gardin, Pierre Croce"
cmnnwv0ph000fs60yme22bf1c,TWITTER,2026-04-16 12:41:51.702,,CITATION|PERSONNE|GROS_MOT,Inès Reg teste ta confiance. « JE SUIS ARRIVÉE EN SURVÊT À MON PREMIER RENCARD !,Inès Reg
cmno5xg3z001ys60y6bm0z94y,TWITTER,2026-04-16 13:11:59,,CITATION|PERSONNE|TIRET,Inès Reg frappe son ventre. « MON VENTRE ! Il dépasse ! » *CLAQUE* Technique : l,Inès Reg
cmnohw1pp0013s60yvl3jmeuf,TWITTER,2026-04-16 13:26:54.701,,CITATION|PERSONNE,"Inès Reg dit « JE SUIS MOCHE » « Je suis moche, je sais, mais regardez comment j",Inès Reg
cmno9czj8000ls60xfysmxwkc,TWITTER,2026-04-16 13:41:54.701,,CITATION|PERSONNE|TIRET,Inès Reg HURLE ses complexes. « JE SUIS GROSSE ! JE LE SAIS ! MERCI HEIN ! » Ell,Inès Reg
cmntlftr0008gs60zl95ejo3s,TWITTER,2026-04-17 10:30:28.207,,CITATION|PERSONNE,Ton coloc à 2h. Toi : « Il mate encore un docu sur les baleines » Roman Frayssin,Roman Frayssinet
cmntkylma0089s60zi92ul9kh,TWITTER,2026-04-17 10:45:32.607,,CITATION|PERSONNE|TIRET|GROS_MOT|INVENTE,Blanche Gardin évite PAS les malaises. Elle plonge dedans. Direct. Genre elle di,Blanche Gardin
cmntp7xah008rs60zu64ziaq0,TWITTER,2026-04-17 11:00:29.608,,CITATION|PERSONNE|GROS_MOT,Blanche dit 'merde'. Et ça marche. 3 trucs qu'elle assume : → L'ANNONCE BRUTALE ,Blanche Gardin
cmntq9is6008ws60zitqzoxal,TWITTER,2026-04-17 11:15:30.308,,CITATION|PERSONNE,Blanche rate exprès 3 techniques de Blanche Gardin que tu peux piquer : 1/ La vé,Blanche Gardin
cmnto397x008os60z5edr1dfa,TWITTER,2026-04-17 11:45:27.507,,CITATION|PERSONNE,« On se fait un apéro ? » = « chez toi ». Chaque invitation devient une négociat,Blanche Gardin
cmntx8ece009os60zc5p67ea6,TWITTER,2026-04-17 12:45:29.807,,CITATION|PERSONNE,Thread qui décode 4 techniques d'humoristes pour avoir des conversations mémorab,"Waly Dia, Blanche Gardin, Pierre Croce"
cmno7qyly000bs60xlh7vv0rk,TWITTER,2026-04-18 10:30:29.407,,CITATION|PERSONNE|GROS_MOT,Inès Reg avoue TOUJOURS. « Moi j'ai le cul qui tremble quand je descends l'escal,Inès Reg
cmnughjkq00bis60zilz666i8,TWITTER,2026-04-18 11:15:34.008,,CITATION|PERSONNE|TIRET,Tu parles trop VITE. Et ça tue toutes tes vannes. 3 techniques pour ralentir et ,Pierre Croce
cmnu7yrch00aos60zrcjqmaeu,TWITTER,2026-04-18 11:45:31.765,,CITATION|PERSONNE|INVENTE,"Thread Twitter sur l'art d'arrêter de s'excuser d'exister, inspiré par l'approch",Blanche Gardin
cmnuqppu400cqs60zmwtqmzem,TWITTER,2026-04-18 12:15:33.009,,CITATION|PERSONNE,Ta vanne vient de mourir. Silence. 3 secondes. Le néant. Blanche Gardin dans cet,"Blanche Gardin, Roman Frayssinet, Pierre Croce"
cmo2e9a32002rs60xnq977r77,LINKEDIN,2026-04-18 13:30:30.607,,CITATION|PERSONNE|TIRET|INVENTE,Ton timing est nul. Pas le timing de ta blague [—] ça c'est technique. Le timing d,Roman Frayssinet
cmnfam8wt0006s60x19503c80,TWITTER,2026-04-18 13:45:28.278,,CITATION|PERSONNE,Netflix met des rires préenregistrés sur les stand-up maintenant. On regarde Rom,Roman Frayssinet
cmnk6m77l002as60y0obezp7w,TWITTER,2026-04-19 11:00:30.308,,CITATION|PERSONNE|INVENTE,"Waly galère sur Tinder. « Moi qui fais rire 2000 personnes par soir, j'arrive pa",Waly Dia
cmnwpez5u000fs60x34fcnn9p,TWITTER,2026-04-19 11:45:44.909,,CITATION|PERSONNE|TIRET,"Technique ultime du gamer timide. Quand on te demande 'Alors ce weekend ?', au l",Paul Mirabel
cmny54ptd001es60wysgiwxfb,LINKEDIN,2026-04-19 13:00:33.154,,CITATION|PERSONNE|TIRET|INVENTE,Ta vanne vient de foirer. 4 secondes de silence. Tes collègues fixent leurs écra,Blanche Gardin
cmnzkyqnn0020s60xndk1mbk0,TWITTER,2026-04-20 10:45:33.174,,CITATION|PERSONNE,"Inès Reg répond JAMAIS directement. Quelqu'un lui dit « t'es folle », elle fait ",Inès Reg
cmnzkgd5q001xs60xvu81l5w5,TWITTER,2026-04-20 11:30:34.769,,CITATION|PERSONNE,"Inès Reg rate ses vannes. Et quand ça tombe à plat, elle dit : « bon, celle-là e",Inès Reg
cmnpcxefj001ns60za3jb8s1c,LINKEDIN,2026-04-20 11:45:37.408,,CITATION|PERSONNE|TIRET,"L'humour en réunion tue. Pas les participants (enfin, parfois). Mais ta crédibil",Roman Frayssinet
cmnso6p8m003as60zroyz95zl,TWITTER,2026-04-20 12:00:35.307,,CITATION|PERSONNE|GROS_MOT,Roman raconte mal exprès. Il dit « j'étais avec ma... comment elle s'appelle déj,Roman Frayssinet
cmnsib96p0028s60zoqi9b5vl,TWITTER,2026-04-20 12:15:33.807,,CITATION|PERSONNE,Roman défend l'indéfendable. « Les ascenseurs qui mettent 20 secondes pour arriv,Roman Frayssinet
cmnsqbdku003ks60z1fdykqgx,TWITTER,2026-04-20 12:45:32.208,,CITATION|PERSONNE,Roman raconte n'importe quoi. Il dit « j'ai croisé un mec qui ressemblait à un G,Roman Frayssinet
cmnscfaml001bs60z2sop8zdu,TWITTER,2026-04-20 13:15:33.686,,CITATION|PERSONNE,Panayotis fait semblant d'hésiter. « Bon... comment dire... vous savez quand on ,Panayotis Pascot
cmnskzqct002os60z1v0jyogu,TWITTER,2026-04-20 13:30:34.904,,CITATION|PERSONNE,Tes parents MATENT ton frigo. Roman Frayssinet : « mes parents font de l'œil à m,Roman Frayssinet
cmnsrzmbu003vs60zesk3fh2i,TWITTER,2026-04-20 14:00:33.465,,CITATION|PERSONNE,Roman Frayssinet fait semblant. Il raconte ses galères comme s'il découvrait que,Roman Frayssinet
cmnkadvhy002ns60ylksiv6eo,TWITTER,2026-04-21 11:15:41.109,,CITATION|PERSONNE|TIRET,Tu parles TROP quand stressé. 5 techniques de stand-up pour la fermer au bon mom,"Waly Dia, Inès Reg, Roman Frayssinet"
cmo3ttw3v000fs60xmkx6gxj5,TWITTER,2026-04-21 11:45:38.808,,CITATION|PERSONNE|INVENTE,« Ça va ? » = mensonge poli n°1. Même après un divorce. Même après un licencieme,Panayotis Pascot
cmo0zcoa1002as60xa6dpyqzg,TWITTER,2026-04-21 12:15:39.609,,CITATION|PERSONNE,Blanche dit ça différemment. « Moi j'ai pas d'enfants... j'ai des plantes. Et en,Blanche Gardin
cmo0ysy930027s60xhzbjrbry,TWITTER,2026-04-21 12:30:39.307,,CITATION|PERSONNE,« Maintenant on dit 'je suis en burn-out' au lieu de 'je déteste mon taff' » Bla,Blanche Gardin
cmo0zwibr002es60xrl31jf2k,TWITTER,2026-04-21 12:45:39.307,,CITATION|PERSONNE,Blanche Gardin casse TOUT « Moi j'aime pas les gens qui font 'on se fait une pet,Blanche Gardin
cmo10f8tk002is60x6dhiun98,TWITTER,2026-04-21 13:00:38.497,,CITATION|PERSONNE,« Moi je dis merci même quand c'est gratuit sur Netflix. » Blanche Gardin expose,Blanche Gardin
cmny54phv001cs60wasjjzp5o,TWITTER,2026-04-21 13:15:40.908,,CITATION|PERSONNE,"Pierre Croce mime son GPS : « Dans 200 mètres, tournez à droite... non attendez.",Pierre Croce
cmny4k9co0017s60whz5qjmvl,TWITTER,2026-04-21 13:30:39.307,,CITATION|PERSONNE,Pierre Croce dit 'J'ai téléchargé de la musique illégalement... sur Spotify.' Te,Pierre Croce
cmnkt49sa0048s60ydiifngdb,TWITTER,2026-04-21 13:45:41.007,,CITATION|PERSONNE,"Waly Dia rate JAMAIS une punchline sur lui-même. « Si elle a mis une photo, c'es",Waly Dia
cmnkyiajd004ns60ywcq77ur4,TWITTER,2026-04-21 14:00:40.672,,CITATION|PERSONNE,Waly arrive sans plan. Pas de vannes. Pas de structure. Juste la sueur. Et là...,Waly Dia
cmo59s7cz000ws60x5vk6yku0,TWITTER,2026-04-22 11:15:40.722,,CITATION|PERSONNE,"McDo : la mascarade quotidienne. « Euh... je vais prendre... hmmm... » Mec, tu p",Blanche Gardin
cmnlxdske0010s60wj6m5lw2v,TWITTER,2026-04-22 11:45:42.108,,CITATION|PERSONNE,"Panayotis ASSUME ses ratages. Quand sa vanne tombe à plat, il dit : « Bon, ça c'",Panayotis Pascot
cmnzkgdho001zs60xiesikvnr,LINKEDIN,2026-04-22 12:00:56.221,,CITATION|PERSONNE|TIRET,"Cette réunion va mal finir. Tu le sens quand tu dis « bon, soyons francs » [—] et ",Inès Reg
cmnlkrmny0002s60x4j21c8ie,TWITTER,2026-04-22 12:15:50.54,,CITATION|PERSONNE|TIRET,« C'est pas mal ça » Traduction : « J'ai envie de dire que j'adore mais socialem,Panayotis Pascot
cmnm9691u002as60wauzg6sa9,TWITTER,2026-04-22 14:30:41.522,,CITATION|PERSONNE,« C'est pas mal ! » Traduction : c'est nul mais je veux pas te vexer. Panayotis ,Panayotis Pascot
cmnsfn35j001ss60zfldy94kb,TWITTER,2026-04-23 11:00:42.208,,CITATION|PERSONNE|INVENTE,"Roman Frayssinet répète exprès. Il raconte une anecdote, puis redit la même phra",Roman Frayssinet
cmns84297000ps60z33qpprj0,TWITTER,2026-04-23 11:30:41.207,,CITATION|PERSONNE,Roman Frayssinet fait semblant. Il prétend découvrir un truc évident : « Ah mais,Roman Frayssinet
cmo9jmj5w001qs60xd415tynx,TWITTER,2026-04-23 12:30:41.774,,CITATION|PERSONNE|TIRET,Pierre Croce se moque AVANT toi. « J'ai l'air d'un mec qui mange des yaourts pér,Pierre Croce
cmnsqv95y003ns60zg9614fwi,TWITTER,2026-04-23 13:30:40.608,,CITATION|PERSONNE,Panayotis Pascot assume tout. « J'ai pleuré sur Titanic. À 30 ans. Au cinéma. » ,Panayotis Pascot
cmnsrevmu003rs60z6so0idj1,TWITTER,2026-04-23 14:30:41.488,,CITATION|PERSONNE|TIRET,Roman rate ses vannes exprès. Il balance « bon... c'était ma blague » avec un so,Roman Frayssinet
cmo83n88e001ds60xbcr24eph,TWITTER,2026-04-23 15:00:41.726,,CITATION|PERSONNE|TIRET|GROS_MOT,"Panayotis se sabote volontairement. « Je sais pas pourquoi je vous raconte ça, v",Panayotis Pascot
cmnnxv0th000js60yiqtgdnce,TWITTER,2026-04-24 11:30:43.418,,CITATION|PERSONNE,"Inès Reg décrit son ventre : « Mon bidon, c'est une bouée qui a réussi sa vie ! ",Inès Reg
cmnnyylx1000ps60yqtytmxnr,TWITTER,2026-04-24 12:30:57.309,,CITATION|PERSONNE,Roman avoue le pire : « J'ai mangé du McDo... au Fouquet's... avec les couverts ,Roman Frayssinet
cmno0kich0010s60ysvdi9xpn,TWITTER,2026-04-24 12:45:45.31,,CITATION|PERSONNE,"Inès Reg fait semblant. « Nan mais regardez, moi quand je cours... » [mime ses b",Inès Reg
cmno2p2cr001ds60yddl6htjf,TWITTER,2026-04-24 13:00:57.11,,CITATION|PERSONNE,Inès Reg drague comment ? « Moi j'ai pas de technique... je dis juste 'salut' ma,Inès Reg
cmnnvq3ju0008s60yvvogg713,TWITTER,2026-04-24 13:15:45.307,,CITATION|PERSONNE,Inès Reg hurle TOUJOURS. « JE SAIS PAS SI VOUS AVEZ REMARQUÉ MAIS MOI QUAND JE M,Inès Reg
cmo83n8eg001fs60x5ouxv5pg,LINKEDIN,2026-04-24 14:45:43.374,,CITATION|PERSONNE|GROS_MOT,"Panayotis dit l'indicible. En réunion, quand personne comprend le slide. « Euh..",Panayotis Pascot
cmnjnwdxy000hs60y8as98cap,TWITTER,2026-04-25 12:48:42.143,,CITATION|PERSONNE|INVENTE,Waly vit chez papa-maman. À 35 ans. Mais écoute sa défense : « Et alors ? Je pay,Waly Dia
cmno37wkg001hs60ydoqdzkza,TWITTER,2026-04-25 14:18:44.843,,CITATION|PERSONNE|TIRET,Inès Reg fait ça BIZARRE. « Moi j'ai des FORMES ! J'assume ! » *se frappe le ven,Inès Reg
cmo9k4lfn001ss60xh3wkwfoq,TWITTER,2026-04-25 14:48:45.387,,CITATION|PERSONNE,Pierre Croce rate tout → il en fait carrière. « Je ressemble au mec qui demande ,Pierre Croce
cmoayi4nj0027s60xls1q6n7x,TWITTER,2026-04-26 10:48:46.043,,CITATION|PERSONNE,Inès Reg fait un truc malin. Elle prend ses défauts et les pousse à l'extrême ju,Inès Reg
cmnkzj61h004qs60yof0kjdcd,TWITTER,2026-04-26 11:18:51.438,,CITATION|PERSONNE|GROS_MOT,Thread : 5 techniques de Waly Dia que tu peux piquer ce soir Waly Dia fait chier,Waly Dia
cmo9j2nje001ls60x5b61bzf6,TWITTER,2026-04-26 12:33:45.643,,CITATION|PERSONNE|TIRET,Pierre Croce répond JAMAIS directement. On lui dit « Salut Pierre ! » [—] lui : « ,Pierre Croce
cmo10f919002ks60xdt3h7lm5,TWITTER,2026-04-26 12:48:43.842,,CITATION|PERSONNE|INVENTE,Défi du soir impossible. Fais une vanne SANS dire « non mais attends » ou « tu v,Roman Frayssinet
cmno4vlr0001rs60ywg1m2vtj,TWITTER,2026-04-26 13:18:44.243,,CITATION|PERSONNE,Inès Reg invente l'asthme tactique. « *respire mal* Ah pardon... *tousse* allerg,Inès Reg
cmno6pxn90004s60xt21wl7ba,TWITTER,2026-04-26 13:33:43.303,,CITATION|PERSONNE|TIRET|INVENTE,Roman Frayssinet raconte qu'il dit « merci » au distributeur de tickets. « MERCI,Roman Frayssinet
cmno67ege0000s60xyfebzpef,TWITTER,2026-04-26 13:48:45.043,,CITATION|PERSONNE|TIRET,Inès Reg fait le bruit. « CLONG ! Et là mon talon qui se CASSE ! CRAAAAAC ! » El,Inès Reg
cmnsm1n0e002ws60zmgj0rhr9,TWITTER,2026-04-26 14:33:44.642,,CITATION|PERSONNE|INVENTE,Roman dit RIEN après ses vannes. Il balance « moi j'ai un chat qui s'appelle Cha,Roman Frayssinet
cmo58oull000ps60xywhz5qod,TWITTER,2026-04-27 11:03:45.405,,CITATION|PERSONNE,Blanche Gardin : « On ment TOUS quand on dit ça va » Sa solution pour briser le ,Blanche Gardin
cmo59s76x000vs60xrhatvh94,TWITTER,2026-04-27 11:18:45.542,,CITATION|PERSONNE,« Bientôt » = mensonge accepté À tes parents = dans 6 mois À ton ex = jamais mai,Blanche Gardin
cmnzkgd8o001ys60xiyydu6xw,TWITTER,2026-04-27 11:33:46.342,,CITATION|PERSONNE|TIRET,"Nos parents recyclent Inès Reg. Vannes de 2019, mais elles sortent encore au rep",Inès Reg
cmoaz1ds0002bs60xojik3ezz,LINKEDIN,2026-04-27 11:48:51.342,,CITATION|PERSONNE|TIRET,"L'humour en réunion, c'est dangereux. Parce que si tu rates ta vanne, 8 personne",Inès Reg
cmnzkyqr80021s60xom4o6t54,TWITTER,2026-04-27 12:03:45.942,,CITATION|PERSONNE|INVENTE,Jamel a annoncé son retour. Et on réalise un truc : on a tous grandi avec ses va,Jamel Debbouze
cmoayi4q00028s60xs7e16e4l,LINKEDIN,2026-04-27 12:18:46.443,,CITATION|PERSONNE,Roman balance vos secrets. « Vous savez qu'on fait tous semblant d'aimer les oli,Roman Frayssinet
cmnllatzd0005s60x45uc4u2x,TWITTER,2026-04-27 12:33:45.542,,CITATION|PERSONNE,Panayotis sur les restos : « Vous connaissez un endroit où on mange bien ? » Tou,Panayotis Pascot
cmoceyc6n002os60xxqei82ro,TWITTER,2026-04-27 12:48:45.514,,CITATION|PERSONNE,Blanche Gardin fait SILENCE total après certaines phrases. Pas pour le suspense.,Blanche Gardin
cmocefsnl002ls60x0ugde10x,TWITTER,2026-04-27 13:03:45.543,,CITATION|PERSONNE|TIRET,"Paul Mirabel spoile ses ratés. Il dit ""bon alors ça c'est beau"" en souriant AVAN",Paul Mirabel
cmnlskgla000hs60wzsb6h1yu,TWITTER,2026-04-27 13:33:45.343,,CITATION|PERSONNE,Panayotis dit EXACTEMENT ça. « J'ai une blague sur les procrastinateurs... je vo,Panayotis Pascot
cmo9kocy7001xs60xa1qdj8lr,TWITTER,2026-04-27 13:48:45.642,,CITATION|PERSONNE|TIRET,Franglish assume ses références. Pas de « euh tu connais ? » avant de balancer s,"Booba, Franglish"
cmo9j2npn001ns60xfew35xwm,TWITTER,2026-04-27 14:03:46.067,,CITATION|PERSONNE|INVENTE,Mbappé rate ses vannes. « Je cours vite... mais pas assez pour rattraper mes ex ,Kylian Mbappé
cmnpb9o3x001as60zpztmjrbt,TWITTER,2026-04-27 14:33:46.882,,CITATION|PERSONNE|TIRET,Blanche Gardin coupe TOUT. « Bon alors du coup [—] » « Non. » Elle laisse le silen,Blanche Gardin
cmnpbt49f001ds60zd0ygf6bv,TWITTER,2026-04-27 14:48:47.889,,CITATION|PERSONNE|INVENTE,"Paul Mirabel répond APRÈS. On l'attaque → il sourit, attend 2 secondes, PUIS con",Paul Mirabel
cmnwpx7dt000hs60x9155pf9b,TWITTER,2026-04-28 11:03:48.043,,CITATION|PERSONNE,Panayotis parle de ses échecs. Il dit pas « j'ai cartonné au Jamel » mais « j'ai,"Panayotis Pascot, Jamel Debbouze"
cmnwoun7t000as60xnubr5kjq,TWITTER,2026-04-28 12:18:47.742,,CITATION|PERSONNE|GROS_MOT,Panayotis dit 'c'est con' avant ses meilleures vannes. 'C'est con mais j'ai rema,Panayotis Pascot
cmnlv89lm000ts60wnx058f2c,TWITTER,2026-04-28 13:48:46.542,,CITATION|PERSONNE|TIRET,"Panayotis fait un truc BIZARRE. Au lieu de reformuler ses vannes ratées, il les ",Panayotis Pascot
cmoi4bro2003ys60xv1ec6cls,TWITTER,2026-04-28 14:03:48.743,,CITATION|PERSONNE|TIRET,Waly Dia balance sa technique de boss : « Mon père dit toujours 'fais-moi confia,Waly Dia
cmoi5ct5l0042s60xch7zttmm,TWITTER,2026-04-28 14:18:47.694,,CITATION|PERSONNE,Waly Dia décrit le mec qui rentre chez lui à 3h : « Je mets mes clés sans bruit.,Waly Dia
cmntonemm008ps60z3q0zu2zf,TWITTER,2026-04-28 14:48:50.343,,CITATION|PERSONNE,"Silence gênant en vue. Waly Dia fait ça : quand sa vanne tombe à plat, il la tue","Waly Dia, Paul Mirabel"
cmojjs7l1004ds60xcpx9nw0l,TWITTER,2026-04-29 10:48:49.742,,CITATION|PERSONNE|TIRET|GROS_MOT|INVENTE,Thread décryptage des 3 techniques que Panayotis Pascot utilise pour transformer,Panayotis Pascot
cmojj7usr004as60x0nih586p,TWITTER,2026-04-29 11:18:49.543,,CITATION|PERSONNE|INVENTE,Panayotis Pascot ment sans mentir. Il raconte qu'il a 'un peu' d'anxiété sociale,Panayotis Pascot
cmodtg4e30006s60xinvj6taa,TWITTER,2026-04-29 12:33:56.543,,CITATION|PERSONNE|TIRET|INVENTE,Fary RATE ses vannes exprès. Et ça le rend PLUS drôle que 90% des humoristes. Co,"Blanche Gardin, Fary"
cmoduij5q000bs60xhnp5fnu5,TWITTER,2026-04-29 13:18:52.042,,CITATION|PERSONNE|TIRET|INVENTE,Paul Mirabel vient de faire imploser Instagram. Il dit : « Je poste jamais... sa,Paul Mirabel
cmodv1t0v000ds60xyu9cdqov,TWITTER,2026-04-29 13:33:48.842,,CITATION|PERSONNE|GROS_MOT,Fary découpe un troll. Troll : « Toi au moins tu fais rire ! » Fary : « Contrair,Fary
cmnm4crzn001rs60w3ci474x5,TWITTER,2026-04-29 14:18:50.242,,CITATION|PERSONNE|TIRET|INVENTE,"« Oui, exactement ! » Elle continue 3 minutes de plus. Tu viens de tester l'acqu",Panayotis Pascot
cmo6o555r0016s60x9j0i8ss8,TWITTER,2026-04-30 10:52:43.758,,CITATION|PERSONNE|TIRET,Waly Dia fait semblant de chercher ses mots. « Euh... comment dire... » puis BAM,Waly Dia
cmns98c5i000ws60zgpb10cod,TWITTER,2026-04-30 11:36:58.959,,CITATION|PERSONNE|TIRET,Panayotis fixe ses haters. Il balance sa vanne sur « les gens qui disent 'j'ai p,Panayotis Pascot
cmof9ybv2000os60xzy9peyvy,TWITTER,2026-04-30 11:52:00.739,,CITATION|PERSONNE,"Cette phrase tue toute soirée : « Bon, on fait quoi maintenant ? » Tu viens de t",Roman Frayssinet
cmnpcdt5x001hs60z3zpizghl,TWITTER,2026-04-30 12:52:00.458,,CITATION|PERSONNE,Blanche plante exprès. « Je sais pas quoi dire là... bon bah on va faire avec. »,Blanche Gardin
cmo83n8bn001es60xfpv1fh5s,TWITTER,2026-04-30 16:37:01.381,,CITATION|PERSONNE,On s'excuse d'exister. Quand on commande : « Désolé mais j'aurais peut-être faim,Panayotis Pascot
cmnkl2fc1003ls60yf6u8uper,TWITTER,2026-05-01 11:22:04.11,,CITATION|PERSONNE|TIRET,Waly Dia coupe Netflix après 3 secondes. « Pourquoi ils parlent si bien anglais ,Waly Dia
cmomftpj00007s60wpcsdid67,TWITTER,2026-05-01 11:37:18.758,,CITATION|PERSONNE|TIRET,"Fary DOUBLE ses vannes. Il balance sa punchline, attend 2 secondes... puis il ré",Fary
cmokymnma004ms60xm8cuqwcj,TWITTER,2026-05-01 18:37:01.657,,CITATION|PERSONNE,Fary retourne TOUT contre toi. « Tu bois que de l'eau ? Tu vas mourir quand même,Fary
cmonu76oz000is60wph9zp6ew,TWITTER,2026-05-02 19:07:04.158,,CITATION|PERSONNE|TIRET,Roman Frayssinet répond bizarrement. Collègue : « Bon courage pour tes vacances ,Roman Frayssinet
cmokz61a7004ps60xwufe4gsa,TWITTER,2026-05-02 19:22:18.419,,CITATION|PERSONNE|GROS_MOT,Fary dit cette phrase magique : « Ah donc toi... tu penses... que moi... je suis,Fary
cmop92f6h000ts60w96tpmwnh,TWITTER,2026-05-03 10:52:03.006,,CITATION|PERSONNE|TIRET|GROS_MOT,Quand ta vanne tombe à plat. Dis direct : 'Non mais je pensais à autre chose en ,Blanche Gardin
cmopaqwr6000zs60w0zp9o9h0,TWITTER,2026-05-03 11:07:05.957,,CITATION|PERSONNE,« Ça va » = mensonge national. « Comment ça va ? » « Ça va. » Même quand ton ex ,Blanche Gardin
cmojj7upj0049s60xiv2cvyyb,TWITTER,2026-05-03 11:22:06.557,,CITATION|PERSONNE,"Panayotis fait ça instinctivement. Quand quelqu'un dit un truc gênant, il RÉPÈTE",Panayotis Pascot
cmojjs7i5004cs60xysljjvkq,TWITTER,2026-05-03 11:37:10.258,,CITATION|PERSONNE,"Panayotis esquive avec classe. Quand il rate une vanne, il fait : « Bon, on va d",Panayotis Pascot
cmopaqwnz000ys60wzsx050nq,TWITTER,2026-05-03 17:22:07.026,,CITATION|PERSONNE|TIRET,"Blanche Gardin sabote la politesse. « Comment ça va ? » « Bah, mitigé. J'ai mang",Blanche Gardin
cmoqq7087000es60wd8rr73xf,TWITTER,2026-05-04 11:08:55.397,,CITATION|PERSONNE|INVENTE,"Waly Dia plante VOLONTAIREMENT. « Bon, j'ai foiré cette vanne... on fait quoi ma",Waly Dia
cmoqp54q80008s60w02j3xl43,TWITTER,2026-05-04 15:23:53.536,,CITATION|PERSONNE|TIRET|INVENTE,"Waly dit OUI trop vite. « Tu veux qu'on se voie demain ? [—] Oui ! ... enfin, dema",Waly Dia
cmoqq70b1000fs60wtymrwm9e,TWITTER,2026-05-04 15:38:53.562,,CITATION|PERSONNE|TIRET,Le silence qui tue. Waly Dia fait un truc vicieux. Quand on lui demande « ça va ,Waly Dia
cmmysmcq50002s60w8b0phbiv,LINKEDIN,2026-03-20 11:06:07.04,,PERSONNE|JE|TIRET|INVENTE,Ta blague tue personne. Enfin si. Toi. Socialement. Silence de cathédrale après ,Blanche Gardin
cmmy4zh950005s60yi4dorn0g,TWITTER,2026-03-20 11:06:10.45,,JE,"Vendredi 18h, réunion Zoom qui devait durer 15 min. 6h plus tard, on débat encor",
cmmypdgha0007s60wimnlqti3,TWITTER,2026-03-20 11:06:11.682,,PERSONNE|JE,Mon pote explique sa rupture : « On s'est séparés d'un commun accord. Enfin... e,Blanche Gardin
cmmysmco10001s60w17rpwadg,TWITTER,2026-03-20 11:06:12.593,,JE,Mes collègues pensent vraiment que je suis drôle. En vrai ils rigolent juste par,
cmmzlb69i0004s60xjhe1hf1y,TWITTER,2026-03-21 08:07:04.898,,PERSONNE|JE|INVENTE,"1/ Mon humour était mort. Depuis ma rupture, mes vannes tombent à plat. Alors j'","Roman Frayssinet, Pierre Croce, Fary"
cmmyr29jz0001s60zbomjk7gz,TWITTER,2026-03-21 08:38:24.192,,PERSONNE|GROS_MOT,"Ta collègue dit « bon weekend » le vendredi 11h. Toi : « merci, toi aussi ton je",Fary
cmmyq3m030001s610lujjblap,TWITTER,2026-03-21 08:38:25.592,,PERSONNE,Ta meuf dit « on sort rien que nous deux ce soir » Toi : « ah cool un truc roman,Paul Mirabel
cmmypcm190001s60w6tz6f4qb,TWITTER,2026-03-21 08:38:26.994,,JE|TIRET,Moi au bar samedi : [—] « Une vodka tonic s'il vous plaît » [—] « Désolé on n'a plus,
cmmypd03f0004s60wbsyq9b3s,TWITTER,2026-03-21 08:38:28.992,,INVENTE,Ta pote célibataire hier soir : « Bon je vais parler au mec au bar » 2h plus tar,
cmmyph2s5000ds60wmhiwgjam,TWITTER,2026-03-21 08:38:30.492,,JE,Ta collègue dit toujours « super week-end ? » Moi : « Ouais j'ai regardé Netflix,
cmmxl3gcb0001s60xfnultb4h,TWITTER,2026-03-21 08:38:33.146,,JE,"Mon coloc m'a dit « Tu manges encore des pâtes ? » Moi : « Non, je diversifie. H",
cmn04ex690000s60ynkttjg04,TWITTER,2026-03-21 09:56:23.633,,JE,Mon pote m'annonce sa rupture : « J'ai dit à ma copine qu'on pourrait rester ami,
cmn1owkyd0000s60xp5vsmoi0,TWITTER,2026-03-22 19:05:43.841,,JE,Ma coloc cuisine à 2h du mat. Moi : « Tu fais quoi ? » Elle : « J'ai faim » Moi ,
cmn108muu0004s60z7nukuwd1,TWITTER,2026-03-22 19:20:42.94,,JE,Prof : « Éteignez vos téléphones pendant l'exam » Moi : *éteint mon téléphone* A,
cmn2vkkql000es60y3yq9h684,LINKEDIN,2026-03-23 10:12:59.919,,INVENTE,"Marion coupe TOUJOURS la parole. En réunion, elle a 0,3 seconde de patience avan",
cmn3dvfq90002s60ya6ymxb09,LINKEDIN,2026-03-24 06:04:11.469,,JE|TIRET|INVENTE,"Julie redit TOUJOURS les phrases. En réunion, dès qu'elle sort une idée brillant",
cmn3rhrot0000s60xa2zee3vn,TWITTER,2026-03-24 07:18:17.942,,JE,J'ai dit « merci » au distributeur automatique. Il m'a rendu ma monnaie. On s'es,
cmn4h1dyo0005s60x5a18rufz,TWITTER,2026-03-24 19:07:48.131,,JE,"Mon ex m'a recontacté. « Salut, tu vas bien ? » J'ai mis 47 minutes à écrire « O",
cmn4gx6hu0000s60x1sgrwn5v,TWITTER,2026-03-25 06:16:28.116,,JE,On dit « salut » différemment selon notre confiance. Confiant : « Salut ! » Norm,
cmn4gxojj0001s60x5l993z31,TWITTER,2026-03-25 06:16:30.217,,PERSONNE,Fary dit « Ah bon ? » après chaque attaque. « T'es vraiment nul » « Ah bon ? » L,Fary
cmn5afec00006s60y84vf6m6t,TWITTER,2026-03-25 20:21:46.569,,PERSONNE|JE|INVENTE,Squeezie dit 'oskour' maintenant. Mes memes de 2019 font rire les salles en 2024,"Gad Elmaleh, Squeezie"
cmn5afehl0007s60yzv6uedxs,TWITTER,2026-03-25 22:02:01.424,,PERSONNE|JE,"Répondre, c'est se trahir. « Tu fais quoi ce soir ? » Dans ma tête : scénarios m",Martin Scorsese
cmn9kp656002ps60xd3ya5pwm,TWITTER,2026-03-28 12:14:15.192,,GROS_MOT,"Les streamers disent jamais « euh » en live. Pendant 8h de stream, zéro blanc, z",
cmn9kp6ar002qs60xhgjge5am,TWITTER,2026-03-28 16:14:09.728,,PERSONNE|TIRET|INVENTE,Kevin Hart ne fait JAMAIS ça. Il raconte ses histoires embarrassantes... mais il,Kevin Hart
cmncflu2o0001s60ybal2h3up,TWITTER,2026-03-30 05:06:48.246,,PERSONNE|GROS_MOT,"Blanche Gardin ferme TOUJOURS sa gueule. Elle pose sa vanne, regarde le public..",Blanche Gardin
cmncflu880002s60y1kwvolhn,TWITTER,2026-03-30 10:15:06.363,,JE,On dit JAMAIS non. « Tu peux me rendre service ? » « Ouais bien sûr ! » (dans ma,
cmnfam8og0004s60xqjr1dpdy,TWITTER,2026-04-01 11:16:09.166,,PERSONNE,"Fary attend APRÈS ta réaction. Il balance sa vanne, tu rigoles, et LÀ il en reme",Fary
cmnfrbbq80009s60x6xixrx8r,TWITTER,2026-04-01 15:16:11.708,,PERSONNE|TIRET|GROS_MOT,On regarde TOUS Palmashow maintenant. À 20 ans : « Grégoire qui bégaie c'est nul,Palmashow (Grégoire Ludig)
cmngq4l380005s60yo9vvhrnx,TWITTER,2026-04-02 10:14:28.248,,PERSONNE|TIRET,Ta voix intérieure ment. Elle dit : « T'es nulle en présentation » Au lieu de : ,Panayotis Pascot
cmnimbfqb000as60y4o9esny6,TWITTER,2026-04-03 10:19:24.682,,TIRET,On dit tous 'comme d'hab'. C'est du stand-up involontaire : tu transformes ta ro,
cmni5kvfm0003s60y89wpbfmx,TWITTER,2026-04-03 10:34:24.981,,TIRET,"On dit merci APRÈS. Quelqu'un nous tient la porte, on dit merci. Quelqu'un nous ",
cmnk1rqf8001ws60y5x4h4jic,TWITTER,2026-04-04 11:51:28.111,,JE,Mon crush m'a ghosté sur Tinder. J'ai dit « salut » et elle a disparu plus vite ,
cmnk62nxh0029s60yubhdn3ef,TWITTER,2026-04-04 12:06:40.229,,PERSONNE|TIRET,Ta vanne arrive trop tard. Le groupe a déjà mentalement scrollé sur Kevin qui ra,Waly Dia
cmnjwexkd001bs60yvcp3pf1q,TWITTER,2026-04-04 12:36:47.281,,JE,Tinder m'a banni aujourd'hui. Apparemment « je suis drôle » c'est pas une preuve,
cmnjqjgwt000ss60yspq5kepl,TWITTER,2026-04-04 13:20:19.283,,JE|GROS_MOT,"Conseil de merde reçu hier : ""Sois toi-même."" Mec, si j'étais moi-même, je passe",
cmnjtqjuo0012s60yxr7aret9,TWITTER,2026-04-04 13:50:08.13,,JE,Ma mère a rejoint BeReal. Maintenant je reçois ses photos à 13h42 avec la légend,
cmnjrleja000vs60yjxj59ayx,TWITTER,2026-04-05 09:59:37.895,,PERSONNE,On swipe TOUS à droite maintenant. Même sur l'écran de verrouillage. Pour débloq,Ivan Pavlov
cmnjuuwri0015s60y3x6wrwj6,TWITTER,2026-04-05 10:16:04.562,,PERSONNE|GROS_MOT,Tes vannes tombent à plat. Le silence mortel. Les sourires forcés. Le « haha... ,Gordon Ramsay
cmnk50i3v0026s60ycxzscr4o,TWITTER,2026-04-05 10:29:31.575,,PERSONNE|GROS_MOT,Tu réponds JAMAIS aux insultes. Tu fais pire. Tu les transformes en clowns avec ,"Waly Dia, Blanche Gardin, Roman Frayssinet, Pierre Croce"
cmnk9a9wm002is60yb9uhiz0l,TWITTER,2026-04-06 09:06:57.123,,JE,TikTok recommande des thérapies maintenant. Mon algo est passé de « danses de 15,
cmnk9ue2y002ks60yc50w8mzz,TWITTER,2026-04-06 10:21:58.86,,PERSONNE|GROS_MOT|INVENTE,Tu rates TOUTES tes vannes. Pas parce qu'elles sont nulles. Parce que tu les dis,"Waly Dia, Inès Reg"
cmnkixalo003fs60ysgraijiq,TWITTER,2026-04-06 10:36:56.522,,JE,Swiper c'est devenu un job. On calcule notre productivité en matchs par minute. ,
cmnku6lyi004bs60yw2obm8ll,TWITTER,2026-04-06 11:06:58.223,,TIRET,Tinder c'est pour les faibles. Le vrai level c'est de faire rire quelqu'un sans ,
cmnkwvbab004is60y04sro3of,TWITTER,2026-04-06 11:21:56.139,,PERSONNE,Les mecs sur Tinder qui écrivent « salut ça va ? » c'est comme Waly Dia qui comm,Waly Dia
cmnkkk9bc003js60yqjzexujl,TWITTER,2026-04-06 12:21:58.723,,PERSONNE,Ta blague tombe à plat. Silence de 4 secondes. Quelqu'un tousse. Ton pote change,Waly Dia
cmnkfqsz70035s60ytefnm7p3,TWITTER,2026-04-06 12:36:59.422,,PERSONNE|TIRET,Instagram = tribunal permanent. Waly balance ses défauts en premier [—] malin. Tu ,"Waly Dia, Inès Reg"
cmnks1bxu0045s60yg2ai30t8,TWITTER,2026-04-06 12:51:56.424,,JE|TIRET,"Netflix nous prend pour des gens qui SAVENT ce qu'ils veulent regarder. Mec, j'a",
cmnl2s6ld005ds60ye26dbp7u,TWITTER,2026-04-07 09:17:50.573,,GROS_MOT,Reformuler = changer de registre. Au lieu de : « Mon ex était vraiment nul au li,
cmnl6icpo000fs60zz2cvew2b,TWITTER,2026-04-07 10:02:40.971,,PERSONNE|TIRET,Panayotis attend 3 secondes APRÈS sa punchline. Pendant que tout le monde cherch,Panayotis Pascot
cmnlcx6ps001hs60z83ybfp3y,TWITTER,2026-04-07 10:31:59.071,,JE|TIRET,« On reste en contact ! » Traduction : on va jamais plus se reparler mais on veu,
cmnlbu5xl001ds60zg1gakp7o,TWITTER,2026-04-07 10:47:46.801,,PERSONNE,Panayotis Pascot dit TOUJOURS merci. Même quand quelqu'un lui marche sur le pied,Panayotis Pascot
cmnla88xz0016s60zq8dx0g7x,TWITTER,2026-04-07 11:18:40.289,,TIRET,On dit toujours « merci » à quelqu'un qui nous tient une porte. Même quand on ét,
cmnl7145f000js60zse27ei2t,TWITTER,2026-04-07 11:32:56.208,,PERSONNE,Panayotis attend 2 secondes après chaque vanne. Pas pour le suspense. Pour laiss,Panayotis Pascot
cmnl0natj004ys60ydjvvv8hc,TWITTER,2026-04-07 11:48:14.75,,JE,"Mon groupe WhatsApp se tait. Dès que je balance une vanne, plus personne écrit p",
cmnk4gai60024s60yu6zlxaru,TWITTER,2026-04-07 12:02:35.87,,JE,Mon Uber m'a ghosté. « Abdel arrive dans 2 min » 10 min plus tard il est à Châte,
cmnjnbqzb000es60ybjkcclj9,TWITTER,2026-04-07 12:48:48.954,,PERSONNE,"Profil Tinder vide = jackpot. Ton cerveau : ""Il est TELLEMENT confiant qu'il a m",Waly Dia
cmnls17uu000fs60wmgvape9x,TWITTER,2026-04-08 10:13:06.644,,PERSONNE|TIRET|INVENTE,Panayotis dit MERCI trois fois. Caissière : « Bonne journée ! » Lui : « Merci ! ,Panayotis Pascot
cmnlbbgts001bs60zyvydl8ss,TWITTER,2026-04-08 11:13:05.882,,PERSONNE,Panayotis Pascot dit toujours « Pardon ? » après ses vannes. Pas parce qu'on a p,Panayotis Pascot
cmnl03h42004vs60yuaeyth16,TWITTER,2026-04-08 12:13:06.382,,TIRET,Le « bonjour » révèle tout. Quand tu dis « bonjour » avec 3 syllabes bien détach,
cmnla893l0017s60zprcxmdk6,TWITTER,2026-04-08 12:28:08.702,,PERSONNE|TIRET,On dit 'salut' différemment. Au pote : « Yooo ! » Au collègue : « Bonjour ! » Au,Panayotis Pascot
cmnlkrmwa0003s60xx1s1zvvq,TWITTER,2026-04-08 12:43:06.412,,INVENTE,"Le 'merci beaucoup' tue. Quand on dit 'merci', les gens répondent 'de rien'. Qua",
cmnl95fex0012s60zywfo5wk2,TWITTER,2026-04-08 12:58:29.782,,TIRET,"On coupe TOUJOURS mal les gens. « Ah tu sais quoi, ça me rap[—] » « [—] OUI EXACTEME",
cmno1m5xx0017s60ycb2nu89r,TWITTER,2026-04-09 10:23:29.798,,PERSONNE|TIRET|GROS_MOT,Ton « bonne nuit » selon l'heure : 23h : « Bonne nuit ! » 1h : « Bon... bonne nu,Inès Reg
cmnodlwbu000fs60y9nu2rx8e,TWITTER,2026-04-09 10:38:31.199,,PERSONNE,Inès Reg répond « Ouais non. » à tout. « Tu viens boire un verre ? » « Ouais non,"Inès Reg, PNL"
cmno67fq90001s60w1u636i3n,TWITTER,2026-04-09 13:08:30.699,,PERSONNE,On dit « bonne nuit » différemment selon l'heure. 23h : « Bonne nuit ! » 1h : « ,Booba
cmnobzki30004s60yo6f0gvrk,TWITTER,2026-04-09 13:23:30.198,,TIRET,« Ça va ? » c'est fini. C'est devenu un bruit de fond social. Comme les conditio,
cmnoagoqq000ss60x1t9heffk,TWITTER,2026-04-09 13:38:31.698,,JE,Mon 'ça roule' universel : Prof : « Tu as compris ? » Mère : « Tu vas bien ? » P,
cmnlwuqca000ys60wp96tsxdr,TWITTER,2026-04-10 11:10:54.54,,PERSONNE|TIRET,"Ta vanne tombe à plat. Silence de mort. 4 secondes. La phrase magique : « Bon, a",Panayotis Pascot
cmnm8ngnz0028s60wx2m2t2si,TWITTER,2026-04-10 11:55:52.001,,PERSONNE|TIRET,On dit TOUS ça. « C'était super bon ! » Alors qu'en vrai on pense : « J'ai mangé,Panayotis Pascot
cmnldh8dn001ks60z4hyuy64r,TWITTER,2026-04-10 12:25:26.698,,JE,Parents : l'évolution ultime À 8 ans : « Merci maman ! » À 18 ans : « Merci... »,
cmnlpc6tz0002s60wg1rr3929,TWITTER,2026-04-10 12:39:37.8,,PERSONNE|JE|TIRET,'J'arrive !' = je mets mes chaussures 'J'arrive vraiment !' = je cherche mes clé,Panayotis Pascot
cmnli9fxo0027s60zk5z9xnsd,TWITTER,2026-04-10 13:40:56.499,,TIRET,"Ta vanne tombe à plat. Tu la ressors 3 minutes après : « Bon, le truc sur les no",
cmnlvrhnn000us60wj9r6m7g5,TWITTER,2026-04-10 13:54:42.099,,TIRET,Ta vanne est tombée PLATE. L'art c'est pas de la changer [—] c'est de l'assumer. «,
cmnlxx3qq0013s60w6xwmazv4,TWITTER,2026-04-10 14:10:45.201,,PERSONNE,"Panayotis dit « Euuuh » volontairement. Quand il raconte une histoire, il glisse",Panayotis Pascot
cmnmbbn5u002ks60wkiv0xh2x,TWITTER,2026-04-10 14:24:50.504,,PERSONNE|TIRET,« Je vais réfléchir » Traduction : « J'ai dit non dans ma tête mais mes lèvres s,Panayotis Pascot
cmnimbfns0009s60yjwliwob5,TWITTER,2026-04-11 11:54:54.9,,PERSONNE,"Blanche Gardin assume ses silences. Elle dit un truc lourd, puis elle attend. El",Blanche Gardin
cmnkobkxm003ts60ybl5e2r2s,TWITTER,2026-04-11 12:54:59.099,,GROS_MOT,Le swipe right automatique. Tu swipe sans regarder puis tu match avec quelqu'un.,
cmnkovp2t003ws60y1nofydnk,TWITTER,2026-04-11 13:09:49.563,,PERSONNE,Match Tinder à 23h47. Elle écrit en premier. Tu paniques. Waly Dia a une règle :,Waly Dia
cmnkyian2004os60yykph3jrg,TWITTER,2026-04-11 13:39:48.568,,PERSONNE,On swipe sur la même meuf depuis 3 semaines. Elle match pas ? On persévère. Elle,Waly Dia
cmnkxfcse004ls60ys83gn6ef,TWITTER,2026-04-11 13:54:19.499,,PERSONNE|JE,Waly Dia m'a ruiné. Maintenant sur Tinder j'écris une vanne unique par profil au,Waly Dia
cmnlfkwva001vs60zyaur3a8i,TWITTER,2026-04-12 12:47:18.621,,TIRET|GROS_MOT,On fait TOUS ça. Quand quelqu'un dit une connerie en réunion : [—] regard gêné ver,
cmnlziw420019s60wvbkoe5o1,TWITTER,2026-04-12 13:32:21.124,,PERSONNE|GROS_MOT,Panayotis a découvert ça : Tu dis « Bon ! » avant de te lever. Comme si ta chais,Panayotis Pascot
cmnliszdg0029s60zcisd9746,TWITTER,2026-04-13 10:29:03.984,,PERSONNE,On sourit TOUJOURS trop. Quelqu'un dit un truc pas drôle → sourire de politesse ,Panayotis Pascot
cmnsu2v8j0049s60zbo45ubne,TWITTER,2026-04-13 10:59:04.827,,PERSONNE|GROS_MOT,"Roman Frayssinet dit rien. Il balance sa vanne, puis il attend. 3 secondes. Sans",Roman Frayssinet
cmnswrou2004os60z1yr58inf,TWITTER,2026-04-13 11:14:05.535,,PERSONNE|TIRET,"Panayotis fixe CETTE personne. Il balance sa vanne, 3 secondes d'attente en la r",Panayotis Pascot
cmnqq0emw0006s60z54n4s0tx,LINKEDIN,2026-04-13 11:29:06.432,,JE|GROS_MOT|INVENTE,Tu sabotes tes propres idées. Tu connais le mec en réunion qui lâche une idée pu,
cmnkd12we002zs60ypx2uu842,TWITTER,2026-04-13 11:44:02.085,,JE,Mon crush m'a ghosté. Maintenant quand on dit « fantôme » j'pense plus à Casper.,
cmnkd12qp002ys60ydud2q6br,TWITTER,2026-04-13 12:14:10.284,,PERSONNE,Ta répartie arrive demain matin. 5 techniques pour que ça sorte MAINTENANT. 🧵 2/,Waly Dia
cmnkbgst6002ss60yt5mxkm2e,TWITTER,2026-04-13 12:29:13.984,,PERSONNE,Ta vanne tombe dans l'eau. Tu sors ton trait d'esprit. Silence de mort. Tout le ,"Waly Dia, Blanche Gardin, Roman Frayssinet, Pierre Croce, Paul Mirabel"
cmnkpcroy003ys60y7g8v4mg1,TWITTER,2026-04-13 13:14:01.984,,PERSONNE,Netflix recommande 47 trucs similaires. Toi : regarde Le Flambeau Netflix : « Ai,"Jérôme Commandeur, José Garcia"
cmno25sbc001bs60ydxfxeq5w,TWITTER,2026-04-14 12:00:24.916,,PERSONNE,Défi ce soir 10h : place le mot « équitable » dans une phrase normale. « Cette b,PNL
cmnl5frsp0009s60zld9fc4ua,TWITTER,2026-04-14 12:44:34.784,,PERSONNE,Panayotis dit « euh » exprès. Tout le monde pense qu'il cherche ses mots. Mais e,Panayotis Pascot
cmnk87uir002es60y6dckbauf,TWITTER,2026-04-14 13:44:34.585,,PERSONNE|TIRET|INVENTE,Waly Dia parle PLUS FORT quand personne écoute. Pas pour forcer l'attention [—] po,Waly Dia
cmnlk97cn0000s60x08ighuzi,TWITTER,2026-04-14 14:30:01.784,,GROS_MOT,On a tous un pote qui commence TOUTES ses histoires par « tu vas pas me croire..,
cmnlqy1qy0008s60w87xnz7pr,TWITTER,2026-04-14 14:44:57.284,,TIRET,« On a EXACTEMENT le même ! » Disent deux personnes en regardant leurs téléphone,
cmnwoc3gx0008s60x0la1jf58,TWITTER,2026-04-15 10:56:53.474,,JE,On dit tous « no prob ». Mais quand le serveur nous apporte le plat qu'on a pas ,
cmnu1hrx400a5s60zxzt8lgs0,TWITTER,2026-04-16 10:26:55.057,,PERSONNE|GROS_MOT,Taylor nous a baisés. Maintenant on dit plus « mon ex m'a largué » mais « j'ai v,Taylor Swift
cmnu5rhje00ahs60zlfq352m1,TWITTER,2026-04-16 10:41:54.801,,TIRET,On refait toute l'histoire après chaque interaction foireuse. « Ah je lui aurais,
cmnu45ppy00acs60z1y8f6k8j,TWITTER,2026-04-16 11:26:53.549,,JE,ChatGPT répond à tout. Sauf à : « Tu peux annuler ma réu de 14h ? » Là subitemen,
cmnu33kjf00a9s60zjd2qqav9,TWITTER,2026-04-16 11:41:54.184,,PERSONNE|INVENTE,« PRÉSENTE ! » Blanche Gardin répond jamais « oui » quand on l'appelle. Elle dit,Blanche Gardin
cmnobhgrf0000s60ygsu3ihee,TWITTER,2026-04-16 12:56:55.002,,PERSONNE,Inès Reg fait « EXCUSE-MOI ? » quand elle imite sa mère. Pas « excuse-moi » norm,Inès Reg
cmntqsr1h008ys60z42brzro2,TWITTER,2026-04-17 11:30:29.508,,PERSONNE|GROS_MOT,"Blanche sourit. Tu flippes. Ton cerveau comprend plus rien. C'est ça, la dissona","Blanche Gardin, Pierre Croce"
cmntujgth009gs60z6u1urlc4,TWITTER,2026-04-17 13:15:28.408,,PERSONNE,ChatGPT fait des blagues maintenant. On lui demande une vanne sur le bureau : « ,Blanche Gardin
cmnzjwhmk001ws60x7pzjpbuh,LINKEDIN,2026-04-17 13:15:30.107,,PERSONNE,"L'humour en réunion, c'est risqué. On a tous vu le collègue qui balance sa vanne",Waly Dia
cmnulcgxp00c4s60zkng34khm,TWITTER,2026-04-18 11:30:30.508,,PERSONNE|TIRET,On dit « de rien » en premier. Avant même que la personne dise merci. On anticip,Blanche Gardin
cmnogu8jk000zs60yzm8s8f4t,TWITTER,2026-04-18 12:30:29.407,,GROS_MOT,Tes vannes ont 3 vies : Seul dans ta chambre : « PUTAIN J'SUIS DRÔLE » En cours ,
cmnoo52c40007s60x9jt9nesr,TWITTER,2026-04-18 12:45:28.102,,PERSONNE|INVENTE,Grognement = technique de charisme ? Ce matin on a commandé un café en grognant.,PNL
cmnoqijvy000bs60xkr9xbqsq,TWITTER,2026-04-18 13:15:29.485,,PERSONNE|TIRET|GROS_MOT,"Défi : dis rien ce soir. Quand ton pote sort une connerie, reste silencieux. Reg",Inès Reg
cmno25s80001as60y8rujhewo,TWITTER,2026-04-18 13:30:29.208,,PERSONNE|TIRET,Inès Reg décortique nos mensonges quotidiens. « J'arrive » selon ta vraie motiva,"Inès Reg, PNL"
cmnk74mpq002cs60y3fytg6kv,TWITTER,2026-04-19 10:30:31.106,,JE,Hinge recommande ton ex. « On pense que vous pourriez bien vous entendre ! » Mer,
cmnwoc3jq0009s60xoopw5lb8,TWITTER,2026-04-19 11:30:30.908,,JE|TIRET|INVENTE,"Défi : parle MOINS fort. Quand tu dis un truc drôle, chuchote presque. Les gens ",
cmnp1sq3y0029s60xbb0dqgq6,TWITTER,2026-04-19 12:00:30.707,,PERSONNE|TIRET,Parle MOINS aujourd'hui. Pas du style moine [—] juste ferme-la 2 secondes de plus ,Inès Reg
cmnk5iv5s0028s60yjr4rcqpk,TWITTER,2026-04-19 12:15:30.902,,TIRET,TikTok dit « c'est mort » pour tout maintenant. « Tu viens à la soirée ? [—] Nan c,
cmnleih6l001rs60z2so328og,TWITTER,2026-04-19 13:00:31.773,,TIRET,Personne dit jamais merci. On ouvre la porte : « merci » On passe le sel : « mer,
cmnlk97jq0001s60xuur738rd,TWITTER,2026-04-19 13:15:28.85,,TIRET,"On dit tous 'Ah ouais' quand on comprend rien. « Tu vois, c'est comme une blockc",
cmnl2s6qy005es60ylileckzo,TWITTER,2026-04-19 13:30:30.165,,PERSONNE,"Panayotis chuchote ses punchlines. Il raconte son histoire de rupture, arrive à ",Panayotis Pascot
cmnle02iz001os60z3mectgo2,TWITTER,2026-04-19 14:15:29.908,,TIRET,"Sophie piège tout le monde. Tout le monde : « Salut, ça va ? » Sophie : « Ça va,",
cmo2e99yz002ps60x8ok3y3x2,TWITTER,2026-04-20 10:30:32.41,,PERSONNE|TIRET|GROS_MOT,Fary copie les gens. Il reprend ton intonation exact quand tu dis « c'est chelou,Fary
cmnsa9kav0010s60zhfwmzuau,TWITTER,2026-04-20 11:15:32.209,,PERSONNE,Waly attend 3 secondes avant de dire 'bref'. Le public se marre déjà. Genre quan,Waly Dia
cmnsivu33002cs60zc4df4rte,TWITTER,2026-04-20 11:45:35.109,,PERSONNE|TIRET,Roman nous grille tous. Il mime le mec qui fait « pffff » avant de se lever du c,Roman Frayssinet
cmnsjdcpm002gs60znwhdtu85,TWITTER,2026-04-20 12:30:34.509,,PERSONNE|TIRET,Roman Frayssinet a trouvé LE piège. Il dit « tranquille » pour TOUT. « Ça va ? »,Roman Frayssinet
cmnsdi2gn001is60zj8lw1ham,TWITTER,2026-04-20 14:15:33.008,,PERSONNE|TIRET,Roman répète comme un bug. « Vraiment vraiment vraiment » au lieu de « très ». E,Roman Frayssinet
cmnskf5c2002ls60zply45x0c,TWITTER,2026-04-20 14:30:33.807,,GROS_MOT,On s'excuse d'avance maintenant. « Désolé je vais être relou mais... » « Pardon ,
cmnkri0zl0044s60ydrw7mcst,TWITTER,2026-04-21 10:45:50.514,,PERSONNE,Waly Dia maîtrise l'art du rattrapage. Il rate une punchline → improvise une van,Waly Dia
cmnkyzurh004ps60y131oygoe,TWITTER,2026-04-21 11:00:39.407,,PERSONNE,"Waly abandonne sa punchline. Il lance son setup, voit que personne suit... et EN",Waly Dia
cmo6o559p0017s60xks75c974,LINKEDIN,2026-04-21 11:00:40.565,,PERSONNE|TIRET|GROS_MOT,L'humour en réunion tue. Ou alors tu maîtrises la règle des 3 secondes. Scène : ,Fary
cmny42sik0012s60w9qi425eh,TWITTER,2026-04-21 11:30:39.269,,PERSONNE|TIRET,« J'ai téléchargé Tinder... pour voir si ma copine était dessus. » Pierre Croce ,Pierre Croce
cmnkv8xjp004es60yljvhliwk,TWITTER,2026-04-21 14:15:39.307,,JE,Tinder me suggère mon ex. J'ai swipé right par réflexe. On s'est rematchés. Main,
cmo5989b3000ts60x593ih9tv,TWITTER,2026-04-22 10:30:52.007,,PERSONNE,"Blanche Gardin triche. Quand quelqu'un lui dit « ça va », elle fait juste « mmh ",Blanche Gardin
cmo5aacg3000ys60xchnh7ruw,TWITTER,2026-04-22 10:45:40.007,,PERSONNE,Ta fatigue écrit tes vannes. 8h : « Salut champion ! » 14h : « Salut... » 22h : ,Blanche Gardin
cmnm26zoi001js60wfzlfckee,TWITTER,2026-04-22 12:00:54.307,,PERSONNE,Panayotis dit « bon » différemment. Quand il veut finir une conversation gênante,Panayotis Pascot
cmnlofagc0002s60wbkagbnvy,TWITTER,2026-04-22 12:30:40.407,,JE,"J'ai toujours la technique parfaite. Pour sortir d'une conversation gênante, pou",
cmnlt31du000js60wuvyi48cl,TWITTER,2026-04-22 12:45:40.007,,GROS_MOT,Tu dis « c'est marrant » après chaque anecdote. Même quand ton pote raconte qu'i,
cmnm2qc1n001ls60wlk5x8ltv,TWITTER,2026-04-22 13:00:40.109,,PERSONNE|INVENTE,"Panayotis attend TOUJOURS 3 secondes. Après chaque vanne, il fait rien. Silence ",Panayotis Pascot
cmnm6i0p1001zs60w8mlj27ni,TWITTER,2026-04-22 13:15:40.458,,PERSONNE,Cette phrase vous trahit. « Oh c'est pas mal ici ! » Traduction : ce restau est ,Panayotis Pascot
cmnljdqil002bs60zg5hw0yno,TWITTER,2026-04-22 15:00:43.707,,JE,"Cette réponse automatique débile : « Passe de bonnes vacances ! » « Merci, bon c",
cmnsasxs90013s60zd3wv8fzq,TWITTER,2026-04-23 10:45:41.908,,PERSONNE|JE|TIRET|GROS_MOT|INVENTE,Panayotis crie quand personne écoute. Pas de colère [—] juste un ton plus fort sur,Panayotis Pascot
cmnsjvytp002js60zuwc8a9gq,TWITTER,2026-04-23 12:15:41.407,,PERSONNE,Waly Dia dit NON. Pas « non désolé » ou « non mais ». Juste « non. » Technique :,Waly Dia
cmo9k4lj1001ts60xk6eh3n6q,TWITTER,2026-04-23 12:45:40.807,,PERSONNE,"Ce soir, challenge Aya Nakamura. À chaque fois qu'elle dit « djadja », tu places",Aya Nakamura
cmo9kocvv001ws60xkio77w6x,TWITTER,2026-04-23 13:00:45.207,,PERSONNE|TIRET,Pierre Croce fait TOUT faux. Il raconte un truc banal (acheter du pain) comme si,Pierre Croce
cmo9j2nmt001ms60xf5tx60o7,TWITTER,2026-04-23 13:15:42.778,,PERSONNE|GROS_MOT,1/ Pierre Croce hack ton cerveau avec 6 mots. « J'ai téléchargé une app... pour ,Pierre Croce
cmnsbby6u0017s60zn7u59ejw,TWITTER,2026-04-23 13:45:41.108,,PERSONNE,Roman copie les boomers. Il prend leur 'bon bah voilà' avant de partir et ça dev,Roman Frayssinet
cmnsnpkeq0036s60zn1xic031,TWITTER,2026-04-23 14:15:42.337,,PERSONNE,"Roman Frayssinet garde le silence. Il finit sa vanne, regarde le public, attend.",Roman Frayssinet
cmnzjwhlf001vs60xa8rb1hy3,TWITTER,2026-04-23 15:15:42.836,,PERSONNE|TIRET|INVENTE,Cyprien arrête YouTube. Mais en vrai il fait du stand-up depuis 10 ans [—] juste a,Cyprien
cmny4k9ga0018s60wl38t3dtd,TWITTER,2026-04-24 11:00:56.51,,PERSONNE|TIRET,On dit 'bon courage'. Comme si ouvrir Netflix était de l'alpinisme. 'Bon courage,Pierre Croce
cmnoagoie000rs60xsphnva7w,TWITTER,2026-04-24 11:45:43.622,,PERSONNE,Inès Reg fait « MEUHHHH » quand elle imite sa mère qui se lève du canapé. Techni,Inès Reg
cmno8upm1000hs60xx7o4mget,TWITTER,2026-04-24 12:00:59.807,,PERSONNE|JE,Inès Reg dit « Pardon ? » comme si tu venais d'insulter sa grand-mère. Quelqu'un,Inès Reg
cmno9wq7u000os60xpckrrruu,TWITTER,2026-04-24 12:15:43.309,,PERSONNE|GROS_MOT|INVENTE,Inès crie « BAAAAH ! » quand elle imite sa mère qui découvre qu'elle a pas fait ,Inès Reg
cmnod3bkx000bs60yje5gvv12,TWITTER,2026-04-24 13:30:43.91,,PERSONNE|TIRET,Inès Reg gueule « MERCI ! » quand quelqu'un lui tient la porte. Pas un merci pol,Inès Reg
cmnv8odkd0004s60yifpjw0fl,TWITTER,2026-04-24 14:00:44.907,,TIRET|GROS_MOT,Ta seule revanche passive [—] dire 'bonne journée' différemment. Boulangerie : « B,
cmo0zwihw002gs60xyp34md7y,TWITTER,2026-04-24 14:15:44.109,,INVENTE,Défi du jour absurde. Reste silencieux 3 secondes après avoir dit un truc drôle.,
cmnkbyet9002vs60y6hmu54tl,TWITTER,2026-04-25 11:03:41.471,,JE|INVENTE,Tinder match depuis 3 mois. On se dit « salut ça va » toutes les 2 semaines. Mai,
cmnkmpfjw003os60ydjukv3iu,TWITTER,2026-04-25 12:03:44.346,,PERSONNE,Répartie instantanée (oui oui) 3 trucs qui marchent en soirée 👇 RÉPÈTE-LE COMME ,Waly Dia
cmnkskqi90047s60y2yoq66x6,TWITTER,2026-04-25 13:03:43.463,,PERSONNE,"Tinder t'impose une pause. Genre quoi, on swipait TROP ? C'est ça la technique d",Waly Dia
cmo0ysyce0028s60x643mal2q,TWITTER,2026-04-25 13:18:42.214,,TIRET,On dit tous « j'arrive » quand on a même pas encore cherché nos clés. C'est du s,
cmo10f8yh002js60xddeubp01,TWITTER,2026-04-25 13:33:43.143,,JE|TIRET,"[—] Salut, ça va ? [—] Ça va. (Moi qui viens de finir Black Mirror à 3h du mat en re",
cmo0zcod3002bs60xekfujzn6,TWITTER,2026-04-25 13:48:44.207,,PERSONNE,Le « okk » tue tout. C'est notre Ctrl+Z conversationnel. « Range ta chambre » → ,Blanche Gardin
cmoceycez002qs60xdymq62o6,LINKEDIN,2026-04-25 13:48:45.843,,PERSONNE,L'humour c'est pas être drôle. C'est savoir quand la fermer. Blanche Gardin fait,Blanche Gardin
cmo0zwieu002fs60x269sad04,TWITTER,2026-04-25 14:03:42.042,,PERSONNE|JE|GROS_MOT,Un seul mot terrifie tout le monde : « D'accord » joyeux → cool ! « D'accord » n,Waly Dia
cmntbsd1r006zs60zr6tdmyxe,TWITTER,2026-04-26 11:48:44.443,,PERSONNE,Roman Frayssinet dit jamais « ok ». Il répond toujours « ok mais genre... » et i,Roman Frayssinet
cmo9kocsj001vs60xrm85sxdu,TWITTER,2026-04-26 12:18:44.943,,PERSONNE|JE|TIRET|INVENTE,Le silence de Fary Quelqu'un l'attaque → 3 secondes de vide → il sourit et balan,Fary
cmnvaab2f000ds60yei1irhye,TWITTER,2026-04-26 13:03:44.493,,JE,"Dire non, ça marche. Depuis que j'ai arrêté de dire ""oui peut-être"" comme un gol",
cmns60cb5000cs60ztvqyf1l9,TWITTER,2026-04-26 14:48:47.018,,PERSONNE|TIRET|INVENTE,Roman répète ses vieilles blagues. Pas par flemme [—] par stratégie. Il teste le t,Roman Frayssinet
cmof8vodv000is60xfer2rvu8,TWITTER,2026-04-26 15:03:43.436,,JE,"Cette phrase qui tue l'ambiance : « On fait quoi maintenant ? » Mec, on vient de",
cmogoc4op0010s60xdij1kot4,TWITTER,2026-04-27 11:48:50.106,,PERSONNE|TIRET,Waly Dia termine jamais ses vannes par « c'était drôle hein ? » Il balance. Il f,Waly Dia
cmnlisz940028s60zxy8ubr4p,TWITTER,2026-04-27 12:18:44.306,,TIRET,"On ressort TOUJOURS ça. « Non mais sérieusement, qui a inventé les réunions à 8h",
cmnpas3up0017s60zh7f1pmmv,TWITTER,2026-04-27 14:18:47.242,,PERSONNE|JE|TIRET|INVENTE,"Paul Mirabel coupe tout. Quelqu'un dit « j'ai passé une journée[—] » « [—]horrible, ",Paul Mirabel
cmof8vol3000js60x3r2ivsdg,TWITTER,2026-04-27 15:18:45.098,,GROS_MOT,"Cette phrase tue TOUTES conversations : « Ah bon, tu savais pas ? » Instant sile",
cmns72izm000ks60z3xlxlx7t,TWITTER,2026-04-28 10:48:48.143,,PERSONNE|TIRET|GROS_MOT,Un seul mot change TOUT. Remplace « ouais » par « exactement ». Tu passes de zom,Roman Frayssinet
cmnwpeyzo000ds60x3jsp9w6v,TWITTER,2026-04-28 11:18:48.343,,PERSONNE|GROS_MOT|INVENTE,Panayotis se fout de sa gueule. Sa première fois ratée. Son ex qui l'a largué pa,Panayotis Pascot
cmoceyc9g002ps60x5mouys20,TWITTER,2026-04-28 11:48:46.617,,TIRET,"Cette phrase tue toute conversation : « Bon, sinon... tu fais quoi dans la vie ?",
cmnwoc3720007s60xgb3kxmem,TWITTER,2026-04-28 12:33:45.943,,PERSONNE|GROS_MOT,Panayotis parle BIZARRE. Il dit pas 'je traverse une période difficile'. Il dit ,Panayotis Pascot
cmodtg4ke0007s60x8ymzurhz,TWITTER,2026-04-28 12:48:47.042,,PERSONNE,Ils ont inventé la notification « vu » sur Instagram. Maintenant on peut VOIR le,Mark Zuckerberg
cmnlup23p000rs60w5lomrh5i,TWITTER,2026-04-28 13:03:45.842,,PERSONNE|TIRET,"Panayotis dit MERCI différemment. Quand on lui fait un compliment, il répond pas",Panayotis Pascot
cmnjxj80n001fs60yj65r5ozx,TWITTER,2026-04-28 14:33:48.286,,PERSONNE,Waly observe même en scrollant. Il mate TikTok au café. En vrai il écoute la nan,Waly Dia
cmo3uaqdf000hs60xf0ge1ivy,TWITTER,2026-04-28 15:18:51.143,,PERSONNE|TIRET,L'humour répare plus vite que les mots. 3 techniques que tu peux tester ce soir ,Panayotis Pascot
cmnltmr3x000ls60wt6oc6qx5,TWITTER,2026-04-29 11:33:50.791,,GROS_MOT,"Ta soirée était « nulle » ? Genre non. Ta soirée : ❌ ""J'ai passé une soirée de m",
cmodtzwyu0009s60xuayjqepc,TWITTER,2026-04-29 11:48:48.943,,PERSONNE,Ce meme « it's giving... » nous apprend l'humour sans qu'on s'en rende compte. «,Fary
cmoi5ctdz0044s60x060hachm,TWITTER,2026-04-29 12:18:50.242,,TIRET,Défi 22h [—] dis : « non mais attends » au milieu d'une phrase normale. « J'ai pri,
cmnm3ts46001os60w0p2vzvtm,TWITTER,2026-04-29 13:48:49.371,,PERSONNE,On reçoit TROP d'infos. Ton cerveau au dîner : « Julie a démissionné parce que s,Panayotis Pascot
cmo9j2nxz001os60xc5kg5yar,TWITTER,2026-04-29 14:03:50.143,,PERSONNE|TIRET,On prétend tous lire les conditions d'utilisation. *scroll scroll scroll* « J'ac,Mark Zuckerberg
cmokymntj004ns60xjm1izu52,TWITTER,2026-04-30 10:48:48.243,,TIRET,"Tu parles TROP vite quand tu stresses. Premier rendez-vous, entretien, réunion [—]",
cmokz61ma004qs60x06xx1ft7,TWITTER,2026-04-30 11:06:59.102,,PERSONNE,"Pierre Croce dit jamais « bah ». Quand on lui pose une question, il répond direc",Pierre Croce
cmnkobku4003ss60ybtc0u3hp,TWITTER,2026-04-30 11:22:01.86,,PERSONNE,Waly compte jusqu'à 2. Il balance sa vanne puis... 1... 2... Et là tu ÉCLATES. C,Waly Dia
cmof9fq67000ms60x6hyjh0e9,TWITTER,2026-04-30 12:37:00.359,,PERSONNE|TIRET,"Technique ascenseur interdite : Dis « bon, on va attaquer cette journée ! » Le v",Roman Frayssinet
cmnm4vveu001ts60wi6lgbqhq,TWITTER,2026-04-30 15:52:03.858,,PERSONNE,"Panayotis fait un truc malin. Quand quelqu'un dit un truc évident, au lieu de di",Panayotis Pascot
cmomf8xyt0006s60wd6r3ql9z,TWITTER,2026-05-01 11:52:03.959,,PERSONNE|TIRET,"Fary arrête de parler. En plein milieu d'une vanne, il fait une pause de 2 secon",Fary
cmomeqqn50004s60w64nkmdff,TWITTER,2026-05-01 12:07:01.698,,INVENTE,Défi du soir impossible : Faire une phrase SANS dire 'genre' pendant 5 minutes. ,
cmoaz1dlx0029s60xevcgqux2,TWITTER,2026-05-01 18:07:02.358,,PERSONNE|TIRET|GROS_MOT,Roman décortique nos « ouais » : « Ah bah ça va pas être évident... » « [—] Ouais.,Roman Frayssinet
cmoayi4k10026s60x8ugoi47q,TWITTER,2026-05-01 18:22:01.274,,PERSONNE,Roman t'aide à mentir : « J'arrive dans 5 min » → « J'arrive dans 5 min... de l',Roman Frayssinet
cmnt4te4z005us60zxh8n6sbl,TWITTER,2026-05-02 10:52:02.457,,TIRET,On dit « ça va » à quelqu'un qu'on croise. Mais on attend JAMAIS la réponse. C'e,
cmontmdxg000hs60wl62b28nv,TWITTER,2026-05-02 18:37:03.658,,PERSONNE|JE,Netflix m'a perdu à « recommandations personnalisées ». « Puisque vous avez aimé,Ted Bundy
cmojjs7r6004fs60xdiqo09c6,LINKEDIN,2026-05-03 11:07:07.027,,PERSONNE|GROS_MOT,Plantage total en réunion. Ta présentation bug. Silence de cathédrale. Le boss p,Panayotis Pascot
cmoi4brtt003zs60xbiys0pov,TWITTER,2026-05-03 11:52:04.458,,GROS_MOT,Cette vibe de merde : Quand tout le monde dit « ouais on se fait un truc » et pe,
cmop9lgtr000us60wjzg5km8c,TWITTER,2026-05-03 17:37:05.281,,TIRET,Cette phrase qui tue tout. « On en reparle quand ? » Après un entretien raté. Un,
cmopa64ir000ws60wt6ji9nh8,TWITTER,2026-05-03 17:52:05.143,,TIRET,"Tu salues comme un PNJ de jeu vidéo. Même phrase, même ton, même gestuelle. Les ",
cmntbscw7006ys60z9lrzdavy,TWITTER,2026-05-04 10:53:53.556,,GROS_MOT,Le 'ah' de ta mère quand tu lui annonces tes notes : 'Ah !' → 18/20 en maths 'Ah,
cmoqp54mw0007s60wjr5qncex,TWITTER,2026-05-04 11:23:53.457,,PERSONNE|GROS_MOT,Waly parle à personne. Il regarde dans le vide quand il raconte sa story. Pas le,Waly Dia
cmoqpod8a000cs60w7ibbh5nn,TWITTER,2026-05-04 15:08:54.457,,GROS_MOT,Défi dating ultime. Répondre 'j'avoue' à TOUT ce qu'elle dit. Technique : l'acqu,
cmpaoqnfc00ivs60xysku9lzf,LINKEDIN,2026-05-18 15:09:20.672,,INVENTE,Le collègue qui dit 'on en reparle' à chaque réunion depuis 3 mois. Tu commences,
cmpuoznhn005ds60xha99uqgq,TWITTER,2026-06-01 11:26:41.38,,JE|TIRET,"Le pyjama témoin [—] Ça va, tu peux baisser ? [—] Ah désolée, je savais pas que tu d",
cmpxjvqft00eks60xay5k94yj,TWITTER,2026-06-03 05:12:13.373,,INVENTE,"Première conversation depuis 3 mois. Tu demandes ""alors, quoi de neuf ?"" L'autre",
cmpxjvqit00els60xde8xj2qe,LINKEDIN,2026-06-03 15:11:43.686,,JE,"Le team-building surprise un vendredi 16h30. Ton manager qui débarque : ""Allez, ",
cmqeoys6t00j1s60xoxgaf8t5,TWITTER,2026-06-15 05:06:37.698,,TIRET,"Premier rendez-vous post-rupture. [—] Alors, raconte-moi ta vie ! [—] Euh... j'ai ch",
